2026-08-28 00:00:05.612 MQTT       udi_interface.interface DEBUG    interface:_message: QUEUING incoming message longPoll
2026-08-28 00:00:05.658 Command    udi_interface.interface DEBUG    interface:_parseInput: DEQUEING longPoll
2026-08-28 00:00:05.658 Command    udi_interface.interface DEBUG    interface:_handleInput: PROCESS longPoll message {} from Polyglot
2026-08-28 00:00:14.517 MQTT       udi_interface.interface DEBUG    interface:_message: QUEUING incoming message shortPoll
2026-08-28 00:00:14.518 Command    udi_interface.interface DEBUG    interface:_parseInput: DEQUEING shortPoll
2026-08-28 00:00:14.518 Command    udi_interface.interface DEBUG    interface:_handleInput: PROCESS shortPoll message {} from Polyglot
2026-08-28 00:01:14.519 MQTT       udi_interface.interface DEBUG    interface:_message: QUEUING incoming message shortPoll
2026-08-28 00:01:14.519 Command    udi_interface.interface DEBUG    interface:_parseInput: DEQUEING shortPoll
2026-08-28 00:01:14.519 Command    udi_interface.interface DEBUG    interface:_handleInput: PROCESS shortPoll message {} from Polyglot
2026-08-28 00:02:14.520 MQTT       udi_interface.interface DEBUG    interface:_message: QUEUING incoming message shortPoll
2026-08-28 00:02:14.520 Command    udi_interface.interface DEBUG    interface:_parseInput: DEQUEING shortPoll
2026-08-28 00:02:14.521 Command    udi_interface.interface DEBUG    interface:_handleInput: PROCESS shortPoll message {} from Polyglot
2026-08-28 00:03:14.527 MQTT       udi_interface.interface DEBUG    interface:_message: QUEUING incoming message shortPoll
2026-08-28 00:03:14.528 Command    udi_interface.interface DEBUG    interface:_parseInput: DEQUEING shortPoll
2026-08-28 00:03:14.528 Command    udi_interface.interface DEBUG    interface:_handleInput: PROCESS shortPoll message {} from Polyglot
2026-08-28 00:04:14.530 MQTT       udi_interface.interface DEBUG    interface:_message: QUEUING incoming message shortPoll
2026-08-28 00:04:14.530 Command    udi_interface.interface DEBUG    interface:_parseInput: DEQUEING shortPoll
2026-08-28 00:04:14.530 Command    udi_interface.interface DEBUG    interface:_handleInput: PROCESS shortPoll message {} from Polyglot
2026-08-28 00:05:05.610 MQTT       udi_interface.interface DEBUG    interface:_message: QUEUING incoming message longPoll
2026-08-28 00:05:05.611 Command    udi_interface.interface DEBUG    interface:_parseInput: DEQUEING longPoll
2026-08-28 00:05:05.611 Command    udi_interface.interface DEBUG    interface:_handleInput: PROCESS longPoll message {} from Polyglot
2026-08-28 00:05:14.535 MQTT       udi_interface.interface DEBUG    interface:_message: QUEUING incoming message shortPoll
2026-08-28 00:05:14.535 Command    udi_interface.interface DEBUG    interface:_parseInput: DEQUEING shortPoll
2026-08-28 00:05:14.535 Command    udi_interface.interface DEBUG    interface:_handleInput: PROCESS shortPoll message {} from Polyglot
2026-08-28 00:06:14.538 MQTT       udi_interface.interface DEBUG    interface:_message: QUEUING incoming message shortPoll
2026-08-28 00:06:14.538 Command    udi_interface.interface DEBUG    interface:_parseInput: DEQUEING shortPoll
2026-08-28 00:06:14.538 Command    udi_interface.interface DEBUG    interface:_handleInput: PROCESS shortPoll message {} from Polyglot
2026-08-28 00:07:14.547 MQTT       udi_interface.interface DEBUG    interface:_message: QUEUING incoming message shortPoll
2026-08-28 00:07:14.547 Command    udi_interface.interface DEBUG    interface:_parseInput: DEQUEING shortPoll
2026-08-28 00:07:14.547 Command    udi_interface.interface DEBUG    interface:_handleInput: PROCESS shortPoll message {} from Polyglot
2026-08-28 00:08:14.549 MQTT       udi_interface.interface DEBUG    interface:_message: QUEUING incoming message shortPoll
2026-08-28 00:08:14.550 Command    udi_interface.interface DEBUG    interface:_parseInput: DEQUEING shortPoll
2026-08-28 00:08:14.550 Command    udi_interface.interface DEBUG    interface:_handleInput: PROCESS shortPoll message {} from Polyglot
2026-08-28 00:09:14.550 MQTT       udi_interface.interface DEBUG    interface:_message: QUEUING incoming message shortPoll
2026-08-28 00:09:14.550 Command    udi_interface.interface DEBUG    interface:_parseInput: DEQUEING shortPoll
2026-08-28 00:09:14.550 Command    udi_interface.interface DEBUG    interface:_handleInput: PROCESS shortPoll message {} from Polyglot
2026-08-28 00:10:05.611 MQTT       udi_interface.interface DEBUG    interface:_message: QUEUING incoming message longPoll
2026-08-28 00:10:05.611 Command    udi_interface.interface DEBUG    interface:_parseInput: DEQUEING longPoll
2026-08-28 00:10:05.611 Command    udi_interface.interface DEBUG    interface:_handleInput: PROCESS longPoll message {} from Polyglot
2026-08-28 00:10:14.554 MQTT       udi_interface.interface DEBUG    interface:_message: QUEUING incoming message shortPoll
2026-08-28 00:10:14.554 Command    udi_interface.interface DEBUG    interface:_parseInput: DEQUEING shortPoll
2026-08-28 00:10:14.555 Command    udi_interface.interface DEBUG    interface:_handleInput: PROCESS shortPoll message {} from Polyglot
2026-08-28 00:11:14.560 MQTT       udi_interface.interface DEBUG    interface:_message: QUEUING incoming message shortPoll
2026-08-28 00:11:14.560 Command    udi_interface.interface DEBUG    interface:_parseInput: DEQUEING shortPoll
2026-08-28 00:11:14.560 Command    udi_interface.interface DEBUG    interface:_handleInput: PROCESS shortPoll message {} from Polyglot
2026-08-28 00:12:14.568 MQTT       udi_interface.interface DEBUG    interface:_message: QUEUING incoming message shortPoll
2026-08-28 00:12:14.568 Command    udi_interface.interface DEBUG    interface:_parseInput: DEQUEING shortPoll
2026-08-28 00:12:14.568 Command    udi_interface.interface DEBUG    interface:_handleInput: PROCESS shortPoll message {} from Polyglot
2026-08-28 00:13:14.569 MQTT       udi_interface.interface DEBUG    interface:_message: QUEUING incoming message shortPoll
2026-08-28 00:13:14.569 Command    udi_interface.interface DEBUG    interface:_parseInput: DEQUEING shortPoll
2026-08-28 00:13:14.570 Command    udi_interface.interface DEBUG    interface:_handleInput: PROCESS shortPoll message {} from Polyglot
2026-08-28 00:14:14.570 MQTT       udi_interface.interface DEBUG    interface:_message: QUEUING incoming message shortPoll
2026-08-28 00:14:14.570 Command    udi_interface.interface DEBUG    interface:_parseInput: DEQUEING shortPoll
2026-08-28 00:14:14.570 Command    udi_interface.interface DEBUG    interface:_handleInput: PROCESS shortPoll message {} from Polyglot
2026-08-28 00:15:05.618 MQTT       udi_interface.interface DEBUG    interface:_message: QUEUING incoming message longPoll
2026-08-28 00:15:05.618 Command    udi_interface.interface DEBUG    interface:_parseInput: DEQUEING longPoll
2026-08-28 00:15:05.618 Command    udi_interface.interface DEBUG    interface:_handleInput: PROCESS longPoll message {} from Polyglot
2026-08-28 00:15:14.575 MQTT       udi_interface.interface DEBUG    interface:_message: QUEUING incoming message shortPoll
2026-08-28 00:15:14.575 Command    udi_interface.interface DEBUG    interface:_parseInput: DEQUEING shortPoll
2026-08-28 00:15:14.575 Command    udi_interface.interface DEBUG    interface:_handleInput: PROCESS shortPoll message {} from Polyglot
2026-08-28 00:16:14.585 MQTT       udi_interface.interface DEBUG    interface:_message: QUEUING incoming message shortPoll
2026-08-28 00:16:14.585 Command    udi_interface.interface DEBUG    interface:_parseInput: DEQUEING shortPoll
2026-08-28 00:16:14.586 Command    udi_interface.interface DEBUG    interface:_handleInput: PROCESS shortPoll message {} from Polyglot
2026-08-28 00:17:14.587 MQTT       udi_interface.interface DEBUG    interface:_message: QUEUING incoming message shortPoll
2026-08-28 00:17:14.587 Command    udi_interface.interface DEBUG    interface:_parseInput: DEQUEING shortPoll
2026-08-28 00:17:14.587 Command    udi_interface.interface DEBUG    interface:_handleInput: PROCESS shortPoll message {} from Polyglot
2026-08-28 00:18:14.592 MQTT       udi_interface.interface DEBUG    interface:_message: QUEUING incoming message shortPoll
2026-08-28 00:18:14.592 Command    udi_interface.interface DEBUG    interface:_parseInput: DEQUEING shortPoll
2026-08-28 00:18:14.592 Command    udi_interface.interface DEBUG    interface:_handleInput: PROCESS shortPoll message {} from Polyglot
2026-08-28 00:19:14.593 MQTT       udi_interface.interface DEBUG    interface:_message: QUEUING incoming message shortPoll
2026-08-28 00:19:14.593 Command    udi_interface.interface DEBUG    interface:_parseInput: DEQUEING shortPoll
2026-08-28 00:19:14.593 Command    udi_interface.interface DEBUG    interface:_handleInput: PROCESS shortPoll message {} from Polyglot
2026-08-28 00:20:05.629 MQTT       udi_interface.interface DEBUG    interface:_message: QUEUING incoming message longPoll
2026-08-28 00:20:05.629 Command    udi_interface.interface DEBUG    interface:_parseInput: DEQUEING longPoll
2026-08-28 00:20:05.629 Command    udi_interface.interface DEBUG    interface:_handleInput: PROCESS longPoll message {} from Polyglot
2026-08-28 00:20:14.595 MQTT       udi_interface.interface DEBUG    interface:_message: QUEUING incoming message shortPoll
2026-08-28 00:20:14.595 Command    udi_interface.interface DEBUG    interface:_parseInput: DEQUEING shortPoll
2026-08-28 00:20:14.595 Command    udi_interface.interface DEBUG    interface:_handleInput: PROCESS shortPoll message {} from Polyglot
2026-08-28 00:21:14.597 MQTT       udi_interface.interface DEBUG    interface:_message: QUEUING incoming message shortPoll
2026-08-28 00:21:14.597 Command    udi_interface.interface DEBUG    interface:_parseInput: DEQUEING shortPoll
2026-08-28 00:21:14.597 Command    udi_interface.interface DEBUG    interface:_handleInput: PROCESS shortPoll message {} from Polyglot
2026-08-28 00:22:14.600 MQTT       udi_interface.interface DEBUG    interface:_message: QUEUING incoming message shortPoll
2026-08-28 00:22:14.600 Command    udi_interface.interface DEBUG    interface:_parseInput: DEQUEING shortPoll
2026-08-28 00:22:14.600 Command    udi_interface.interface DEBUG    interface:_handleInput: PROCESS shortPoll message {} from Polyglot
2026-08-28 00:23:14.603 MQTT       udi_interface.interface DEBUG    interface:_message: QUEUING incoming message shortPoll
2026-08-28 00:23:14.604 Command    udi_interface.interface DEBUG    interface:_parseInput: DEQUEING shortPoll
2026-08-28 00:23:14.604 Command    udi_interface.interface DEBUG    interface:_handleInput: PROCESS shortPoll message {} from Polyglot
2026-08-28 00:24:14.609 MQTT       udi_interface.interface DEBUG    interface:_message: QUEUING incoming message shortPoll
2026-08-28 00:24:14.609 Command    udi_interface.interface DEBUG    interface:_parseInput: DEQUEING shortPoll
2026-08-28 00:24:14.609 Command    udi_interface.interface DEBUG    interface:_handleInput: PROCESS shortPoll message {} from Polyglot
2026-08-28 00:25:05.635 MQTT       udi_interface.interface DEBUG    interface:_message: QUEUING incoming message longPoll
2026-08-28 00:25:05.636 Command    udi_interface.interface DEBUG    interface:_parseInput: DEQUEING longPoll
2026-08-28 00:25:05.636 Command    udi_interface.interface DEBUG    interface:_handleInput: PROCESS longPoll message {} from Polyglot
2026-08-28 00:25:14.614 MQTT       udi_interface.interface DEBUG    interface:_message: QUEUING incoming message shortPoll
2026-08-28 00:25:14.614 Command    udi_interface.interface DEBUG    interface:_parseInput: DEQUEING shortPoll
2026-08-28 00:25:14.614 Command    udi_interface.interface DEBUG    interface:_handleInput: PROCESS shortPoll message {} from Polyglot
2026-08-28 00:26:14.617 MQTT       udi_interface.interface DEBUG    interface:_message: QUEUING incoming message shortPoll
2026-08-28 00:26:14.617 Command    udi_interface.interface DEBUG    interface:_parseInput: DEQUEING shortPoll
2026-08-28 00:26:14.618 Command    udi_interface.interface DEBUG    interface:_handleInput: PROCESS shortPoll message {} from Polyglot
2026-08-28 00:27:14.621 MQTT       udi_interface.interface DEBUG    interface:_message: QUEUING incoming message shortPoll
2026-08-28 00:27:14.621 Command    udi_interface.interface DEBUG    interface:_parseInput: DEQUEING shortPoll
2026-08-28 00:27:14.621 Command    udi_interface.interface DEBUG    interface:_handleInput: PROCESS shortPoll message {} from Polyglot
2026-08-28 00:28:14.623 MQTT       udi_interface.interface DEBUG    interface:_message: QUEUING incoming message shortPoll
2026-08-28 00:28:14.623 Command    udi_interface.interface DEBUG    interface:_parseInput: DEQUEING shortPoll
2026-08-28 00:28:14.623 Command    udi_interface.interface DEBUG    interface:_handleInput: PROCESS shortPoll message {} from Polyglot
2026-08-28 00:29:14.624 MQTT       udi_interface.interface DEBUG    interface:_message: QUEUING incoming message shortPoll
2026-08-28 00:29:14.625 Command    udi_interface.interface DEBUG    interface:_parseInput: DEQUEING shortPoll
2026-08-28 00:29:14.625 Command    udi_interface.interface DEBUG    interface:_handleInput: PROCESS shortPoll message {} from Polyglot
2026-08-28 00:30:05.640 MQTT       udi_interface.interface DEBUG    interface:_message: QUEUING incoming message longPoll
2026-08-28 00:30:05.640 Command    udi_interface.interface DEBUG    interface:_parseInput: DEQUEING longPoll
2026-08-28 00:30:05.640 Command    udi_interface.interface DEBUG    interface:_handleInput: PROCESS longPoll message {} from Polyglot
2026-08-28 00:30:14.625 MQTT       udi_interface.interface DEBUG    interface:_message: QUEUING incoming message shortPoll
2026-08-28 00:30:14.625 Command    udi_interface.interface DEBUG    interface:_parseInput: DEQUEING shortPoll
2026-08-28 00:30:14.626 Command    udi_interface.interface DEBUG    interface:_handleInput: PROCESS shortPoll message {} from Polyglot
2026-08-28 00:31:14.634 MQTT       udi_interface.interface DEBUG    interface:_message: QUEUING incoming message shortPoll
2026-08-28 00:31:14.634 Command    udi_interface.interface DEBUG    interface:_parseInput: DEQUEING shortPoll
2026-08-28 00:31:14.634 Command    udi_interface.interface DEBUG    interface:_handleInput: PROCESS shortPoll message {} from Polyglot
2026-08-28 00:32:14.640 MQTT       udi_interface.interface DEBUG    interface:_message: QUEUING incoming message shortPoll
2026-08-28 00:32:14.641 Command    udi_interface.interface DEBUG    interface:_parseInput: DEQUEING shortPoll
2026-08-28 00:32:14.641 Command    udi_interface.interface DEBUG    interface:_handleInput: PROCESS shortPoll message {} from Polyglot
2026-08-28 00:33:14.646 MQTT       udi_interface.interface DEBUG    interface:_message: QUEUING incoming message shortPoll
2026-08-28 00:33:14.646 Command    udi_interface.interface DEBUG    interface:_parseInput: DEQUEING shortPoll
2026-08-28 00:33:14.646 Command    udi_interface.interface DEBUG    interface:_handleInput: PROCESS shortPoll message {} from Polyglot
2026-08-28 00:34:14.651 MQTT       udi_interface.interface DEBUG    interface:_message: QUEUING incoming message shortPoll
2026-08-28 00:34:14.651 Command    udi_interface.interface DEBUG    interface:_parseInput: DEQUEING shortPoll
2026-08-28 00:34:14.651 Command    udi_interface.interface DEBUG    interface:_handleInput: PROCESS shortPoll message {} from Polyglot
2026-08-28 00:35:05.646 MQTT       udi_interface.interface DEBUG    interface:_message: QUEUING incoming message longPoll
2026-08-28 00:35:05.647 Command    udi_interface.interface DEBUG    interface:_parseInput: DEQUEING longPoll
2026-08-28 00:35:05.647 Command    udi_interface.interface DEBUG    interface:_handleInput: PROCESS longPoll message {} from Polyglot
2026-08-28 00:35:14.653 MQTT       udi_interface.interface DEBUG    interface:_message: QUEUING incoming message shortPoll
2026-08-28 00:35:14.653 Command    udi_interface.interface DEBUG    interface:_parseInput: DEQUEING shortPoll
2026-08-28 00:35:14.653 Command    udi_interface.interface DEBUG    interface:_handleInput: PROCESS shortPoll message {} from Polyglot
2026-08-28 00:36:14.660 MQTT       udi_interface.interface DEBUG    interface:_message: QUEUING incoming message shortPoll
2026-08-28 00:36:14.660 Command    udi_interface.interface DEBUG    interface:_parseInput: DEQUEING shortPoll
2026-08-28 00:36:14.660 Command    udi_interface.interface DEBUG    interface:_handleInput: PROCESS shortPoll message {} from Polyglot
2026-08-28 00:37:14.665 MQTT       udi_interface.interface DEBUG    interface:_message: QUEUING incoming message shortPoll
2026-08-28 00:37:14.665 Command    udi_interface.interface DEBUG    interface:_parseInput: DEQUEING shortPoll
2026-08-28 00:37:14.665 Command    udi_interface.interface DEBUG    interface:_handleInput: PROCESS shortPoll message {} from Polyglot
2026-08-28 00:38:14.669 MQTT       udi_interface.interface DEBUG    interface:_message: QUEUING incoming message shortPoll
2026-08-28 00:38:14.669 Command    udi_interface.interface DEBUG    interface:_parseInput: DEQUEING shortPoll
2026-08-28 00:38:14.670 Command    udi_interface.interface DEBUG    interface:_handleInput: PROCESS shortPoll message {} from Polyglot
2026-08-28 00:39:14.672 MQTT       udi_interface.interface DEBUG    interface:_message: QUEUING incoming message shortPoll
2026-08-28 00:39:14.672 Command    udi_interface.interface DEBUG    interface:_parseInput: DEQUEING shortPoll
2026-08-28 00:39:14.672 Command    udi_interface.interface DEBUG    interface:_handleInput: PROCESS shortPoll message {} from Polyglot
2026-08-28 00:40:05.656 MQTT       udi_interface.interface DEBUG    interface:_message: QUEUING incoming message longPoll
2026-08-28 00:40:05.656 Command    udi_interface.interface DEBUG    interface:_parseInput: DEQUEING longPoll
2026-08-28 00:40:05.656 Command    udi_interface.interface DEBUG    interface:_handleInput: PROCESS longPoll message {} from Polyglot
2026-08-28 00:40:14.723 MQTT       udi_interface.interface DEBUG    interface:_message: QUEUING incoming message shortPoll
2026-08-28 00:40:14.724 Command    udi_interface.interface DEBUG    interface:_parseInput: DEQUEING shortPoll
2026-08-28 00:40:14.724 Command    udi_interface.interface DEBUG    interface:_handleInput: PROCESS shortPoll message {} from Polyglot
2026-08-28 00:41:14.683 MQTT       udi_interface.interface DEBUG    interface:_message: QUEUING incoming message shortPoll
2026-08-28 00:41:14.683 Command    udi_interface.interface DEBUG    interface:_parseInput: DEQUEING shortPoll
2026-08-28 00:41:14.683 Command    udi_interface.interface DEBUG    interface:_handleInput: PROCESS shortPoll message {} from Polyglot
2026-08-28 00:42:14.689 MQTT       udi_interface.interface DEBUG    interface:_message: QUEUING incoming message shortPoll
2026-08-28 00:42:14.690 Command    udi_interface.interface DEBUG    interface:_parseInput: DEQUEING shortPoll
2026-08-28 00:42:14.690 Command    udi_interface.interface DEBUG    interface:_handleInput: PROCESS shortPoll message {} from Polyglot
2026-08-28 00:43:14.698 MQTT       udi_interface.interface DEBUG    interface:_message: QUEUING incoming message shortPoll
2026-08-28 00:43:14.698 Command    udi_interface.interface DEBUG    interface:_parseInput: DEQUEING shortPoll
2026-08-28 00:43:14.698 Command    udi_interface.interface DEBUG    interface:_handleInput: PROCESS shortPoll message {} from Polyglot
2026-08-28 00:44:14.710 MQTT       udi_interface.interface DEBUG    interface:_message: QUEUING incoming message shortPoll
2026-08-28 00:44:14.710 Command    udi_interface.interface DEBUG    interface:_parseInput: DEQUEING shortPoll
2026-08-28 00:44:14.710 Command    udi_interface.interface DEBUG    interface:_handleInput: PROCESS shortPoll message {} from Polyglot
2026-08-28 00:45:05.663 MQTT       udi_interface.interface DEBUG    interface:_message: QUEUING incoming message longPoll
2026-08-28 00:45:05.663 Command    udi_interface.interface DEBUG    interface:_parseInput: DEQUEING longPoll
2026-08-28 00:45:05.663 Command    udi_interface.interface DEBUG    interface:_handleInput: PROCESS longPoll message {} from Polyglot
2026-08-28 00:45:14.738 MQTT       udi_interface.interface DEBUG    interface:_message: QUEUING incoming message shortPoll
2026-08-28 00:45:14.738 Command    udi_interface.interface DEBUG    interface:_parseInput: DEQUEING shortPoll
2026-08-28 00:45:14.738 Command    udi_interface.interface DEBUG    interface:_handleInput: PROCESS shortPoll message {} from Polyglot
2026-08-28 00:46:14.720 MQTT       udi_interface.interface DEBUG    interface:_message: QUEUING incoming message shortPoll
2026-08-28 00:46:14.720 Command    udi_interface.interface DEBUG    interface:_parseInput: DEQUEING shortPoll
2026-08-28 00:46:14.721 Command    udi_interface.interface DEBUG    interface:_handleInput: PROCESS shortPoll message {} from Polyglot
2026-08-28 00:47:14.724 MQTT       udi_interface.interface DEBUG    interface:_message: QUEUING incoming message shortPoll
2026-08-28 00:47:14.724 Command    udi_interface.interface DEBUG    interface:_parseInput: DEQUEING shortPoll
2026-08-28 00:47:14.724 Command    udi_interface.interface DEBUG    interface:_handleInput: PROCESS shortPoll message {} from Polyglot
2026-08-28 00:48:14.730 MQTT       udi_interface.interface DEBUG    interface:_message: QUEUING incoming message shortPoll
2026-08-28 00:48:14.730 Command    udi_interface.interface DEBUG    interface:_parseInput: DEQUEING shortPoll
2026-08-28 00:48:14.730 Command    udi_interface.interface DEBUG    interface:_handleInput: PROCESS shortPoll message {} from Polyglot
2026-08-28 00:49:14.730 MQTT       udi_interface.interface DEBUG    interface:_message: QUEUING incoming message shortPoll
2026-08-28 00:49:14.730 Command    udi_interface.interface DEBUG    interface:_parseInput: DEQUEING shortPoll
2026-08-28 00:49:14.730 Command    udi_interface.interface DEBUG    interface:_handleInput: PROCESS shortPoll message {} from Polyglot
2026-08-28 00:50:05.667 MQTT       udi_interface.interface DEBUG    interface:_message: QUEUING incoming message longPoll
2026-08-28 00:50:05.667 Command    udi_interface.interface DEBUG    interface:_parseInput: DEQUEING longPoll
2026-08-28 00:50:05.667 Command    udi_interface.interface DEBUG    interface:_handleInput: PROCESS longPoll message {} from Polyglot
2026-08-28 00:50:14.742 MQTT       udi_interface.interface DEBUG    interface:_message: QUEUING incoming message shortPoll
2026-08-28 00:50:14.742 Command    udi_interface.interface DEBUG    interface:_parseInput: DEQUEING shortPoll
2026-08-28 00:50:14.742 Command    udi_interface.interface DEBUG    interface:_handleInput: PROCESS shortPoll message {} from Polyglot
2026-08-28 00:51:14.748 MQTT       udi_interface.interface DEBUG    interface:_message: QUEUING incoming message shortPoll
2026-08-28 00:51:14.748 Command    udi_interface.interface DEBUG    interface:_parseInput: DEQUEING shortPoll
2026-08-28 00:51:14.748 Command    udi_interface.interface DEBUG    interface:_handleInput: PROCESS shortPoll message {} from Polyglot
2026-08-28 00:52:14.752 MQTT       udi_interface.interface DEBUG    interface:_message: QUEUING incoming message shortPoll
2026-08-28 00:52:14.752 Command    udi_interface.interface DEBUG    interface:_parseInput: DEQUEING shortPoll
2026-08-28 00:52:14.752 Command    udi_interface.interface DEBUG    interface:_handleInput: PROCESS shortPoll message {} from Polyglot
2026-08-28 00:53:14.755 MQTT       udi_interface.interface DEBUG    interface:_message: QUEUING incoming message shortPoll
2026-08-28 00:53:14.755 Command    udi_interface.interface DEBUG    interface:_parseInput: DEQUEING shortPoll
2026-08-28 00:53:14.755 Command    udi_interface.interface DEBUG    interface:_handleInput: PROCESS shortPoll message {} from Polyglot
2026-08-28 00:54:14.758 MQTT       udi_interface.interface DEBUG    interface:_message: QUEUING incoming message shortPoll
2026-08-28 00:54:14.759 Command    udi_interface.interface DEBUG    interface:_parseInput: DEQUEING shortPoll
2026-08-28 00:54:14.759 Command    udi_interface.interface DEBUG    interface:_handleInput: PROCESS shortPoll message {} from Polyglot
2026-08-28 00:55:05.668 MQTT       udi_interface.interface DEBUG    interface:_message: QUEUING incoming message longPoll
2026-08-28 00:55:05.668 Command    udi_interface.interface DEBUG    interface:_parseInput: DEQUEING longPoll
2026-08-28 00:55:05.668 Command    udi_interface.interface DEBUG    interface:_handleInput: PROCESS longPoll message {} from Polyglot
2026-08-28 00:55:14.764 MQTT       udi_interface.interface DEBUG    interface:_message: QUEUING incoming message shortPoll
2026-08-28 00:55:14.765 Command    udi_interface.interface DEBUG    interface:_parseInput: DEQUEING shortPoll
2026-08-28 00:55:14.765 Command    udi_interface.interface DEBUG    interface:_handleInput: PROCESS shortPoll message {} from Polyglot
2026-08-28 00:56:14.773 MQTT       udi_interface.interface DEBUG    interface:_message: QUEUING incoming message shortPoll
2026-08-28 00:56:14.773 Command    udi_interface.interface DEBUG    interface:_parseInput: DEQUEING shortPoll
2026-08-28 00:56:14.773 Command    udi_interface.interface DEBUG    interface:_handleInput: PROCESS shortPoll message {} from Polyglot
2026-08-28 00:57:14.783 MQTT       udi_interface.interface DEBUG    interface:_message: QUEUING incoming message shortPoll
2026-08-28 00:57:14.784 Command    udi_interface.interface DEBUG    interface:_parseInput: DEQUEING shortPoll
2026-08-28 00:57:14.784 Command    udi_interface.interface DEBUG    interface:_handleInput: PROCESS shortPoll message {} from Polyglot
2026-08-28 00:58:14.786 MQTT       udi_interface.interface DEBUG    interface:_message: QUEUING incoming message shortPoll
2026-08-28 00:58:14.786 Command    udi_interface.interface DEBUG    interface:_parseInput: DEQUEING shortPoll
2026-08-28 00:58:14.786 Command    udi_interface.interface DEBUG    interface:_handleInput: PROCESS shortPoll message {} from Polyglot
2026-08-28 00:59:14.796 MQTT       udi_interface.interface DEBUG    interface:_message: QUEUING incoming message shortPoll
2026-08-28 00:59:14.796 Command    udi_interface.interface DEBUG    interface:_parseInput: DEQUEING shortPoll
2026-08-28 00:59:14.796 Command    udi_interface.interface DEBUG    interface:_handleInput: PROCESS shortPoll message {} from Polyglot
2026-08-28 01:00:05.671 MQTT       udi_interface.interface DEBUG    interface:_message: QUEUING incoming message longPoll
2026-08-28 01:00:05.672 Command    udi_interface.interface DEBUG    interface:_parseInput: DEQUEING longPoll
2026-08-28 01:00:05.672 Command    udi_interface.interface DEBUG    interface:_handleInput: PROCESS longPoll message {} from Polyglot
2026-08-28 01:00:14.805 MQTT       udi_interface.interface DEBUG    interface:_message: QUEUING incoming message shortPoll
2026-08-28 01:00:14.806 Command    udi_interface.interface DEBUG    interface:_parseInput: DEQUEING shortPoll
2026-08-28 01:00:14.806 Command    udi_interface.interface DEBUG    interface:_handleInput: PROCESS shortPoll message {} from Polyglot
2026-08-28 01:01:14.809 MQTT       udi_interface.interface DEBUG    interface:_message: QUEUING incoming message shortPoll
2026-08-28 01:01:14.809 Command    udi_interface.interface DEBUG    interface:_parseInput: DEQUEING shortPoll
2026-08-28 01:01:14.809 Command    udi_interface.interface DEBUG    interface:_handleInput: PROCESS shortPoll message {} from Polyglot
2026-08-28 01:02:14.818 MQTT       udi_interface.interface DEBUG    interface:_message: QUEUING incoming message shortPoll
2026-08-28 01:02:14.818 Command    udi_interface.interface DEBUG    interface:_parseInput: DEQUEING shortPoll
2026-08-28 01:02:14.818 Command    udi_interface.interface DEBUG    interface:_handleInput: PROCESS shortPoll message {} from Polyglot
2026-08-28 01:03:14.820 MQTT       udi_interface.interface DEBUG    interface:_message: QUEUING incoming message shortPoll
2026-08-28 01:03:14.820 Command    udi_interface.interface DEBUG    interface:_parseInput: DEQUEING shortPoll
2026-08-28 01:03:14.820 Command    udi_interface.interface DEBUG    interface:_handleInput: PROCESS shortPoll message {} from Polyglot
2026-08-28 01:04:14.822 MQTT       udi_interface.interface DEBUG    interface:_message: QUEUING incoming message shortPoll
2026-08-28 01:04:14.822 Command    udi_interface.interface DEBUG    interface:_parseInput: DEQUEING shortPoll
2026-08-28 01:04:14.822 Command    udi_interface.interface DEBUG    interface:_handleInput: PROCESS shortPoll message {} from Polyglot
2026-08-28 01:05:05.681 MQTT       udi_interface.interface DEBUG    interface:_message: QUEUING incoming message longPoll
2026-08-28 01:05:05.681 Command    udi_interface.interface DEBUG    interface:_parseInput: DEQUEING longPoll
2026-08-28 01:05:05.681 Command    udi_interface.interface DEBUG    interface:_handleInput: PROCESS longPoll message {} from Polyglot
2026-08-28 01:05:14.828 MQTT       udi_interface.interface DEBUG    interface:_message: QUEUING incoming message shortPoll
2026-08-28 01:05:14.828 Command    udi_interface.interface DEBUG    interface:_parseInput: DEQUEING shortPoll
2026-08-28 01:05:14.828 Command    udi_interface.interface DEBUG    interface:_handleInput: PROCESS shortPoll message {} from Polyglot
2026-08-28 01:06:14.832 MQTT       udi_interface.interface DEBUG    interface:_message: QUEUING incoming message shortPoll
2026-08-28 01:06:14.832 Command    udi_interface.interface DEBUG    interface:_parseInput: DEQUEING shortPoll
2026-08-28 01:06:14.832 Command    udi_interface.interface DEBUG    interface:_handleInput: PROCESS shortPoll message {} from Polyglot
2026-08-28 01:07:14.840 MQTT       udi_interface.interface DEBUG    interface:_message: QUEUING incoming message shortPoll
2026-08-28 01:07:14.841 Command    udi_interface.interface DEBUG    interface:_parseInput: DEQUEING shortPoll
2026-08-28 01:07:14.841 Command    udi_interface.interface DEBUG    interface:_handleInput: PROCESS shortPoll message {} from Polyglot
2026-08-28 01:08:14.844 MQTT       udi_interface.interface DEBUG    interface:_message: QUEUING incoming message shortPoll
2026-08-28 01:08:14.844 Command    udi_interface.interface DEBUG    interface:_parseInput: DEQUEING shortPoll
2026-08-28 01:08:14.844 Command    udi_interface.interface DEBUG    interface:_handleInput: PROCESS shortPoll message {} from Polyglot
2026-08-28 01:09:14.848 MQTT       udi_interface.interface DEBUG    interface:_message: QUEUING incoming message shortPoll
2026-08-28 01:09:14.848 Command    udi_interface.interface DEBUG    interface:_parseInput: DEQUEING shortPoll
2026-08-28 01:09:14.848 Command    udi_interface.interface DEBUG    interface:_handleInput: PROCESS shortPoll message {} from Polyglot
2026-08-28 01:10:05.688 MQTT       udi_interface.interface DEBUG    interface:_message: QUEUING incoming message longPoll
2026-08-28 01:10:05.689 Command    udi_interface.interface DEBUG    interface:_parseInput: DEQUEING longPoll
2026-08-28 01:10:05.689 Command    udi_interface.interface DEBUG    interface:_handleInput: PROCESS longPoll message {} from Polyglot
2026-08-28 01:10:14.855 MQTT       udi_interface.interface DEBUG    interface:_message: QUEUING incoming message shortPoll
2026-08-28 01:10:14.856 Command    udi_interface.interface DEBUG    interface:_parseInput: DEQUEING shortPoll
2026-08-28 01:10:14.856 Command    udi_interface.interface DEBUG    interface:_handleInput: PROCESS shortPoll message {} from Polyglot
2026-08-28 01:11:14.857 MQTT       udi_interface.interface DEBUG    interface:_message: QUEUING incoming message shortPoll
2026-08-28 01:11:14.857 Command    udi_interface.interface DEBUG    interface:_parseInput: DEQUEING shortPoll
2026-08-28 01:11:14.857 Command    udi_interface.interface DEBUG    interface:_handleInput: PROCESS shortPoll message {} from Polyglot
2026-08-28 01:12:14.856 MQTT       udi_interface.interface DEBUG    interface:_message: QUEUING incoming message shortPoll
2026-08-28 01:12:14.856 Command    udi_interface.interface DEBUG    interface:_parseInput: DEQUEING shortPoll
2026-08-28 01:12:14.856 Command    udi_interface.interface DEBUG    interface:_handleInput: PROCESS shortPoll message {} from Polyglot
2026-08-28 01:13:14.859 MQTT       udi_interface.interface DEBUG    interface:_message: QUEUING incoming message shortPoll
2026-08-28 01:13:14.860 Command    udi_interface.interface DEBUG    interface:_parseInput: DEQUEING shortPoll
2026-08-28 01:13:14.860 Command    udi_interface.interface DEBUG    interface:_handleInput: PROCESS shortPoll message {} from Polyglot
2026-08-28 01:14:14.865 MQTT       udi_interface.interface DEBUG    interface:_message: QUEUING incoming message shortPoll
2026-08-28 01:14:14.865 Command    udi_interface.interface DEBUG    interface:_parseInput: DEQUEING shortPoll
2026-08-28 01:14:14.865 Command    udi_interface.interface DEBUG    interface:_handleInput: PROCESS shortPoll message {} from Polyglot
2026-08-28 01:15:05.699 MQTT       udi_interface.interface DEBUG    interface:_message: QUEUING incoming message longPoll
2026-08-28 01:15:05.699 Command    udi_interface.interface DEBUG    interface:_parseInput: DEQUEING longPoll
2026-08-28 01:15:05.699 Command    udi_interface.interface DEBUG    interface:_handleInput: PROCESS longPoll message {} from Polyglot
2026-08-28 01:15:14.869 MQTT       udi_interface.interface DEBUG    interface:_message: QUEUING incoming message shortPoll
2026-08-28 01:15:14.869 Command    udi_interface.interface DEBUG    interface:_parseInput: DEQUEING shortPoll
2026-08-28 01:15:14.869 Command    udi_interface.interface DEBUG    interface:_handleInput: PROCESS shortPoll message {} from Polyglot
2026-08-28 01:16:14.873 MQTT       udi_interface.interface DEBUG    interface:_message: QUEUING incoming message shortPoll
2026-08-28 01:16:14.873 Command    udi_interface.interface DEBUG    interface:_parseInput: DEQUEING shortPoll
2026-08-28 01:16:14.873 Command    udi_interface.interface DEBUG    interface:_handleInput: PROCESS shortPoll message {} from Polyglot
2026-08-28 01:17:14.876 MQTT       udi_interface.interface DEBUG    interface:_message: QUEUING incoming message shortPoll
2026-08-28 01:17:14.876 Command    udi_interface.interface DEBUG    interface:_parseInput: DEQUEING shortPoll
2026-08-28 01:17:14.876 Command    udi_interface.interface DEBUG    interface:_handleInput: PROCESS shortPoll message {} from Polyglot
2026-08-28 01:18:14.887 MQTT       udi_interface.interface DEBUG    interface:_message: QUEUING incoming message shortPoll
2026-08-28 01:18:14.887 Command    udi_interface.interface DEBUG    interface:_parseInput: DEQUEING shortPoll
2026-08-28 01:18:14.887 Command    udi_interface.interface DEBUG    interface:_handleInput: PROCESS shortPoll message {} from Polyglot
2026-08-28 01:19:14.894 MQTT       udi_interface.interface DEBUG    interface:_message: QUEUING incoming message shortPoll
2026-08-28 01:19:14.894 Command    udi_interface.interface DEBUG    interface:_parseInput: DEQUEING shortPoll
2026-08-28 01:19:14.894 Command    udi_interface.interface DEBUG    interface:_handleInput: PROCESS shortPoll message {} from Polyglot
2026-08-28 01:20:05.701 MQTT       udi_interface.interface DEBUG    interface:_message: QUEUING incoming message longPoll
2026-08-28 01:20:05.701 Command    udi_interface.interface DEBUG    interface:_parseInput: DEQUEING longPoll
2026-08-28 01:20:05.701 Command    udi_interface.interface DEBUG    interface:_handleInput: PROCESS longPoll message {} from Polyglot
2026-08-28 01:20:14.902 MQTT       udi_interface.interface DEBUG    interface:_message: QUEUING incoming message shortPoll
2026-08-28 01:20:14.903 Command    udi_interface.interface DEBUG    interface:_parseInput: DEQUEING shortPoll
2026-08-28 01:20:14.903 Command    udi_interface.interface DEBUG    interface:_handleInput: PROCESS shortPoll message {} from Polyglot
2026-08-28 01:21:14.910 MQTT       udi_interface.interface DEBUG    interface:_message: QUEUING incoming message shortPoll
2026-08-28 01:21:14.910 Command    udi_interface.interface DEBUG    interface:_parseInput: DEQUEING shortPoll
2026-08-28 01:21:14.910 Command    udi_interface.interface DEBUG    interface:_handleInput: PROCESS shortPoll message {} from Polyglot
2026-08-28 01:22:14.913 MQTT       udi_interface.interface DEBUG    interface:_message: QUEUING incoming message shortPoll
2026-08-28 01:22:14.913 Command    udi_interface.interface DEBUG    interface:_parseInput: DEQUEING shortPoll
2026-08-28 01:22:14.913 Command    udi_interface.interface DEBUG    interface:_handleInput: PROCESS shortPoll message {} from Polyglot
2026-08-28 01:23:14.918 MQTT       udi_interface.interface DEBUG    interface:_message: QUEUING incoming message shortPoll
2026-08-28 01:23:14.918 Command    udi_interface.interface DEBUG    interface:_parseInput: DEQUEING shortPoll
2026-08-28 01:23:14.918 Command    udi_interface.interface DEBUG    interface:_handleInput: PROCESS shortPoll message {} from Polyglot
2026-08-28 01:24:14.922 MQTT       udi_interface.interface DEBUG    interface:_message: QUEUING incoming message shortPoll
2026-08-28 01:24:14.922 Command    udi_interface.interface DEBUG    interface:_parseInput: DEQUEING shortPoll
2026-08-28 01:24:14.922 Command    udi_interface.interface DEBUG    interface:_handleInput: PROCESS shortPoll message {} from Polyglot
2026-08-28 01:25:05.704 MQTT       udi_interface.interface DEBUG    interface:_message: QUEUING incoming message longPoll
2026-08-28 01:25:05.705 Command    udi_interface.interface DEBUG    interface:_parseInput: DEQUEING longPoll
2026-08-28 01:25:05.705 Command    udi_interface.interface DEBUG    interface:_handleInput: PROCESS longPoll message {} from Polyglot
2026-08-28 01:25:14.924 MQTT       udi_interface.interface DEBUG    interface:_message: QUEUING incoming message shortPoll
2026-08-28 01:25:14.924 Command    udi_interface.interface DEBUG    interface:_parseInput: DEQUEING shortPoll
2026-08-28 01:25:14.925 Command    udi_interface.interface DEBUG    interface:_handleInput: PROCESS shortPoll message {} from Polyglot
2026-08-28 01:26:14.933 MQTT       udi_interface.interface DEBUG    interface:_message: QUEUING incoming message shortPoll
2026-08-28 01:26:14.933 Command    udi_interface.interface DEBUG    interface:_parseInput: DEQUEING shortPoll
2026-08-28 01:26:14.933 Command    udi_interface.interface DEBUG    interface:_handleInput: PROCESS shortPoll message {} from Polyglot
2026-08-28 01:27:14.937 MQTT       udi_interface.interface DEBUG    interface:_message: QUEUING incoming message shortPoll
2026-08-28 01:27:14.937 Command    udi_interface.interface DEBUG    interface:_parseInput: DEQUEING shortPoll
2026-08-28 01:27:14.937 Command    udi_interface.interface DEBUG    interface:_handleInput: PROCESS shortPoll message {} from Polyglot
2026-08-28 01:28:14.944 MQTT       udi_interface.interface DEBUG    interface:_message: QUEUING incoming message shortPoll
2026-08-28 01:28:14.944 Command    udi_interface.interface DEBUG    interface:_parseInput: DEQUEING shortPoll
2026-08-28 01:28:14.944 Command    udi_interface.interface DEBUG    interface:_handleInput: PROCESS shortPoll message {} from Polyglot
2026-08-28 01:29:14.945 MQTT       udi_interface.interface DEBUG    interface:_message: QUEUING incoming message shortPoll
2026-08-28 01:29:14.946 Command    udi_interface.interface DEBUG    interface:_parseInput: DEQUEING shortPoll
2026-08-28 01:29:14.946 Command    udi_interface.interface DEBUG    interface:_handleInput: PROCESS shortPoll message {} from Polyglot
2026-08-28 01:30:05.712 MQTT       udi_interface.interface DEBUG    interface:_message: QUEUING incoming message longPoll
2026-08-28 01:30:05.712 Command    udi_interface.interface DEBUG    interface:_parseInput: DEQUEING longPoll
2026-08-28 01:30:05.712 Command    udi_interface.interface DEBUG    interface:_handleInput: PROCESS longPoll message {} from Polyglot
2026-08-28 01:30:14.954 MQTT       udi_interface.interface DEBUG    interface:_message: QUEUING incoming message shortPoll
2026-08-28 01:30:14.955 Command    udi_interface.interface DEBUG    interface:_parseInput: DEQUEING shortPoll
2026-08-28 01:30:14.955 Command    udi_interface.interface DEBUG    interface:_handleInput: PROCESS shortPoll message {} from Polyglot
2026-08-28 01:31:14.963 MQTT       udi_interface.interface DEBUG    interface:_message: QUEUING incoming message shortPoll
2026-08-28 01:31:14.963 Command    udi_interface.interface DEBUG    interface:_parseInput: DEQUEING shortPoll
2026-08-28 01:31:14.963 Command    udi_interface.interface DEBUG    interface:_handleInput: PROCESS shortPoll message {} from Polyglot
2026-08-28 01:32:14.967 MQTT       udi_interface.interface DEBUG    interface:_message: QUEUING incoming message shortPoll
2026-08-28 01:32:14.967 Command    udi_interface.interface DEBUG    interface:_parseInput: DEQUEING shortPoll
2026-08-28 01:32:14.967 Command    udi_interface.interface DEBUG    interface:_handleInput: PROCESS shortPoll message {} from Polyglot
2026-08-28 01:33:14.975 MQTT       udi_interface.interface DEBUG    interface:_message: QUEUING incoming message shortPoll
2026-08-28 01:33:14.975 Command    udi_interface.interface DEBUG    interface:_parseInput: DEQUEING shortPoll
2026-08-28 01:33:14.975 Command    udi_interface.interface DEBUG    interface:_handleInput: PROCESS shortPoll message {} from Polyglot
2026-08-28 01:34:14.986 MQTT       udi_interface.interface DEBUG    interface:_message: QUEUING incoming message shortPoll
2026-08-28 01:34:14.986 Command    udi_interface.interface DEBUG    interface:_parseInput: DEQUEING shortPoll
2026-08-28 01:34:14.986 Command    udi_interface.interface DEBUG    interface:_handleInput: PROCESS shortPoll message {} from Polyglot
2026-08-28 01:35:05.718 MQTT       udi_interface.interface DEBUG    interface:_message: QUEUING incoming message longPoll
2026-08-28 01:35:05.718 Command    udi_interface.interface DEBUG    interface:_parseInput: DEQUEING longPoll
2026-08-28 01:35:05.718 Command    udi_interface.interface DEBUG    interface:_handleInput: PROCESS longPoll message {} from Polyglot
2026-08-28 01:35:14.996 MQTT       udi_interface.interface DEBUG    interface:_message: QUEUING incoming message shortPoll
2026-08-28 01:35:14.996 Command    udi_interface.interface DEBUG    interface:_parseInput: DEQUEING shortPoll
2026-08-28 01:35:14.996 Command    udi_interface.interface DEBUG    interface:_handleInput: PROCESS shortPoll message {} from Polyglot
2026-08-28 01:36:15.003 MQTT       udi_interface.interface DEBUG    interface:_message: QUEUING incoming message shortPoll
2026-08-28 01:36:15.003 Command    udi_interface.interface DEBUG    interface:_parseInput: DEQUEING shortPoll
2026-08-28 01:36:15.003 Command    udi_interface.interface DEBUG    interface:_handleInput: PROCESS shortPoll message {} from Polyglot
2026-08-28 01:37:15.008 MQTT       udi_interface.interface DEBUG    interface:_message: QUEUING incoming message shortPoll
2026-08-28 01:37:15.008 Command    udi_interface.interface DEBUG    interface:_parseInput: DEQUEING shortPoll
2026-08-28 01:37:15.008 Command    udi_interface.interface DEBUG    interface:_handleInput: PROCESS shortPoll message {} from Polyglot
2026-08-28 01:38:15.011 MQTT       udi_interface.interface DEBUG    interface:_message: QUEUING incoming message shortPoll
2026-08-28 01:38:15.011 Command    udi_interface.interface DEBUG    interface:_parseInput: DEQUEING shortPoll
2026-08-28 01:38:15.011 Command    udi_interface.interface DEBUG    interface:_handleInput: PROCESS shortPoll message {} from Polyglot
2026-08-28 01:39:15.012 MQTT       udi_interface.interface DEBUG    interface:_message: QUEUING incoming message shortPoll
2026-08-28 01:39:15.012 Command    udi_interface.interface DEBUG    interface:_parseInput: DEQUEING shortPoll
2026-08-28 01:39:15.012 Command    udi_interface.interface DEBUG    interface:_handleInput: PROCESS shortPoll message {} from Polyglot
2026-08-28 01:40:05.718 MQTT       udi_interface.interface DEBUG    interface:_message: QUEUING incoming message longPoll
2026-08-28 01:40:05.718 Command    udi_interface.interface DEBUG    interface:_parseInput: DEQUEING longPoll
2026-08-28 01:40:05.718 Command    udi_interface.interface DEBUG    interface:_handleInput: PROCESS longPoll message {} from Polyglot
2026-08-28 01:40:15.013 MQTT       udi_interface.interface DEBUG    interface:_message: QUEUING incoming message shortPoll
2026-08-28 01:40:15.013 Command    udi_interface.interface DEBUG    interface:_parseInput: DEQUEING shortPoll
2026-08-28 01:40:15.013 Command    udi_interface.interface DEBUG    interface:_handleInput: PROCESS shortPoll message {} from Polyglot
2026-08-28 01:41:15.015 MQTT       udi_interface.interface DEBUG    interface:_message: QUEUING incoming message shortPoll
2026-08-28 01:41:15.015 Command    udi_interface.interface DEBUG    interface:_parseInput: DEQUEING shortPoll
2026-08-28 01:41:15.015 Command    udi_interface.interface DEBUG    interface:_handleInput: PROCESS shortPoll message {} from Polyglot
2026-08-28 01:42:15.019 MQTT       udi_interface.interface DEBUG    interface:_message: QUEUING incoming message shortPoll
2026-08-28 01:42:15.020 Command    udi_interface.interface DEBUG    interface:_parseInput: DEQUEING shortPoll
2026-08-28 01:42:15.020 Command    udi_interface.interface DEBUG    interface:_handleInput: PROCESS shortPoll message {} from Polyglot
2026-08-28 01:43:15.024 MQTT       udi_interface.interface DEBUG    interface:_message: QUEUING incoming message shortPoll
2026-08-28 01:43:15.024 Command    udi_interface.interface DEBUG    interface:_parseInput: DEQUEING shortPoll
2026-08-28 01:43:15.024 Command    udi_interface.interface DEBUG    interface:_handleInput: PROCESS shortPoll message {} from Polyglot
2026-08-28 01:44:15.025 MQTT       udi_interface.interface DEBUG    interface:_message: QUEUING incoming message shortPoll
2026-08-28 01:44:15.026 Command    udi_interface.interface DEBUG    interface:_parseInput: DEQUEING shortPoll
2026-08-28 01:44:15.026 Command    udi_interface.interface DEBUG    interface:_handleInput: PROCESS shortPoll message {} from Polyglot
2026-08-28 01:45:05.727 MQTT       udi_interface.interface DEBUG    interface:_message: QUEUING incoming message longPoll
2026-08-28 01:45:05.728 Command    udi_interface.interface DEBUG    interface:_parseInput: DEQUEING longPoll
2026-08-28 01:45:05.728 Command    udi_interface.interface DEBUG    interface:_handleInput: PROCESS longPoll message {} from Polyglot
2026-08-28 01:45:15.032 MQTT       udi_interface.interface DEBUG    interface:_message: QUEUING incoming message shortPoll
2026-08-28 01:45:15.032 Command    udi_interface.interface DEBUG    interface:_parseInput: DEQUEING shortPoll
2026-08-28 01:45:15.032 Command    udi_interface.interface DEBUG    interface:_handleInput: PROCESS shortPoll message {} from Polyglot
2026-08-28 01:46:15.032 MQTT       udi_interface.interface DEBUG    interface:_message: QUEUING incoming message shortPoll
2026-08-28 01:46:15.032 Command    udi_interface.interface DEBUG    interface:_parseInput: DEQUEING shortPoll
2026-08-28 01:46:15.032 Command    udi_interface.interface DEBUG    interface:_handleInput: PROCESS shortPoll message {} from Polyglot
2026-08-28 01:47:15.035 MQTT       udi_interface.interface DEBUG    interface:_message: QUEUING incoming message shortPoll
2026-08-28 01:47:15.035 Command    udi_interface.interface DEBUG    interface:_parseInput: DEQUEING shortPoll
2026-08-28 01:47:15.035 Command    udi_interface.interface DEBUG    interface:_handleInput: PROCESS shortPoll message {} from Polyglot
2026-08-28 01:48:15.046 MQTT       udi_interface.interface DEBUG    interface:_message: QUEUING incoming message shortPoll
2026-08-28 01:48:15.046 Command    udi_interface.interface DEBUG    interface:_parseInput: DEQUEING shortPoll
2026-08-28 01:48:15.046 Command    udi_interface.interface DEBUG    interface:_handleInput: PROCESS shortPoll message {} from Polyglot
2026-08-28 01:49:15.053 MQTT       udi_interface.interface DEBUG    interface:_message: QUEUING incoming message shortPoll
2026-08-28 01:49:15.053 Command    udi_interface.interface DEBUG    interface:_parseInput: DEQUEING shortPoll
2026-08-28 01:49:15.053 Command    udi_interface.interface DEBUG    interface:_handleInput: PROCESS shortPoll message {} from Polyglot
2026-08-28 01:50:05.734 MQTT       udi_interface.interface DEBUG    interface:_message: QUEUING incoming message longPoll
2026-08-28 01:50:05.734 Command    udi_interface.interface DEBUG    interface:_parseInput: DEQUEING longPoll
2026-08-28 01:50:05.734 Command    udi_interface.interface DEBUG    interface:_handleInput: PROCESS longPoll message {} from Polyglot
2026-08-28 01:50:15.063 MQTT       udi_interface.interface DEBUG    interface:_message: QUEUING incoming message shortPoll
2026-08-28 01:50:15.064 Command    udi_interface.interface DEBUG    interface:_parseInput: DEQUEING shortPoll
2026-08-28 01:50:15.064 Command    udi_interface.interface DEBUG    interface:_handleInput: PROCESS shortPoll message {} from Polyglot
2026-08-28 01:51:15.065 MQTT       udi_interface.interface DEBUG    interface:_message: QUEUING incoming message shortPoll
2026-08-28 01:51:15.066 Command    udi_interface.interface DEBUG    interface:_parseInput: DEQUEING shortPoll
2026-08-28 01:51:15.066 Command    udi_interface.interface DEBUG    interface:_handleInput: PROCESS shortPoll message {} from Polyglot
2026-08-28 01:52:15.072 MQTT       udi_interface.interface DEBUG    interface:_message: QUEUING incoming message shortPoll
2026-08-28 01:52:15.072 Command    udi_interface.interface DEBUG    interface:_parseInput: DEQUEING shortPoll
2026-08-28 01:52:15.072 Command    udi_interface.interface DEBUG    interface:_handleInput: PROCESS shortPoll message {} from Polyglot
2026-08-28 01:53:15.076 MQTT       udi_interface.interface DEBUG    interface:_message: QUEUING incoming message shortPoll
2026-08-28 01:53:15.077 Command    udi_interface.interface DEBUG    interface:_parseInput: DEQUEING shortPoll
2026-08-28 01:53:15.077 Command    udi_interface.interface DEBUG    interface:_handleInput: PROCESS shortPoll message {} from Polyglot
2026-08-28 01:54:15.085 MQTT       udi_interface.interface DEBUG    interface:_message: QUEUING incoming message shortPoll
2026-08-28 01:54:15.086 Command    udi_interface.interface DEBUG    interface:_parseInput: DEQUEING shortPoll
2026-08-28 01:54:15.086 Command    udi_interface.interface DEBUG    interface:_handleInput: PROCESS shortPoll message {} from Polyglot
2026-08-28 01:55:05.745 MQTT       udi_interface.interface DEBUG    interface:_message: QUEUING incoming message longPoll
2026-08-28 01:55:05.745 Command    udi_interface.interface DEBUG    interface:_parseInput: DEQUEING longPoll
2026-08-28 01:55:05.745 Command    udi_interface.interface DEBUG    interface:_handleInput: PROCESS longPoll message {} from Polyglot
2026-08-28 01:55:15.093 MQTT       udi_interface.interface DEBUG    interface:_message: QUEUING incoming message shortPoll
2026-08-28 01:55:15.093 Command    udi_interface.interface DEBUG    interface:_parseInput: DEQUEING shortPoll
2026-08-28 01:55:15.093 Command    udi_interface.interface DEBUG    interface:_handleInput: PROCESS shortPoll message {} from Polyglot
2026-08-28 01:56:15.101 MQTT       udi_interface.interface DEBUG    interface:_message: QUEUING incoming message shortPoll
2026-08-28 01:56:15.101 Command    udi_interface.interface DEBUG    interface:_parseInput: DEQUEING shortPoll
2026-08-28 01:56:15.101 Command    udi_interface.interface DEBUG    interface:_handleInput: PROCESS shortPoll message {} from Polyglot
2026-08-28 01:57:15.111 MQTT       udi_interface.interface DEBUG    interface:_message: QUEUING incoming message shortPoll
2026-08-28 01:57:15.112 Command    udi_interface.interface DEBUG    interface:_parseInput: DEQUEING shortPoll
2026-08-28 01:57:15.112 Command    udi_interface.interface DEBUG    interface:_handleInput: PROCESS shortPoll message {} from Polyglot
2026-08-28 01:58:15.113 MQTT       udi_interface.interface DEBUG    interface:_message: QUEUING incoming message shortPoll
2026-08-28 01:58:15.113 Command    udi_interface.interface DEBUG    interface:_parseInput: DEQUEING shortPoll
2026-08-28 01:58:15.113 Command    udi_interface.interface DEBUG    interface:_handleInput: PROCESS shortPoll message {} from Polyglot
2026-08-28 01:59:15.116 MQTT       udi_interface.interface DEBUG    interface:_message: QUEUING incoming message shortPoll
2026-08-28 01:59:15.116 Command    udi_interface.interface DEBUG    interface:_parseInput: DEQUEING shortPoll
2026-08-28 01:59:15.117 Command    udi_interface.interface DEBUG    interface:_handleInput: PROCESS shortPoll message {} from Polyglot
2026-08-28 02:00:05.751 MQTT       udi_interface.interface DEBUG    interface:_message: QUEUING incoming message longPoll
2026-08-28 02:00:05.752 Command    udi_interface.interface DEBUG    interface:_parseInput: DEQUEING longPoll
2026-08-28 02:00:05.752 Command    udi_interface.interface DEBUG    interface:_handleInput: PROCESS longPoll message {} from Polyglot
2026-08-28 02:00:15.121 MQTT       udi_interface.interface DEBUG    interface:_message: QUEUING incoming message shortPoll
2026-08-28 02:00:15.121 Command    udi_interface.interface DEBUG    interface:_parseInput: DEQUEING shortPoll
2026-08-28 02:00:15.122 Command    udi_interface.interface DEBUG    interface:_handleInput: PROCESS shortPoll message {} from Polyglot
2026-08-28 02:01:15.124 MQTT       udi_interface.interface DEBUG    interface:_message: QUEUING incoming message shortPoll
2026-08-28 02:01:15.124 Command    udi_interface.interface DEBUG    interface:_parseInput: DEQUEING shortPoll
2026-08-28 02:01:15.124 Command    udi_interface.interface DEBUG    interface:_handleInput: PROCESS shortPoll message {} from Polyglot
2026-08-28 02:02:15.133 MQTT       udi_interface.interface DEBUG    interface:_message: QUEUING incoming message shortPoll
2026-08-28 02:02:15.133 Command    udi_interface.interface DEBUG    interface:_parseInput: DEQUEING shortPoll
2026-08-28 02:02:15.133 Command    udi_interface.interface DEBUG    interface:_handleInput: PROCESS shortPoll message {} from Polyglot
2026-08-28 02:03:15.135 MQTT       udi_interface.interface DEBUG    interface:_message: QUEUING incoming message shortPoll
2026-08-28 02:03:15.136 Command    udi_interface.interface DEBUG    interface:_parseInput: DEQUEING shortPoll
2026-08-28 02:03:15.136 Command    udi_interface.interface DEBUG    interface:_handleInput: PROCESS shortPoll message {} from Polyglot
2026-08-28 02:04:15.139 MQTT       udi_interface.interface DEBUG    interface:_message: QUEUING incoming message shortPoll
2026-08-28 02:04:15.139 Command    udi_interface.interface DEBUG    interface:_parseInput: DEQUEING shortPoll
2026-08-28 02:04:15.139 Command    udi_interface.interface DEBUG    interface:_handleInput: PROCESS shortPoll message {} from Polyglot
2026-08-28 02:05:05.752 MQTT       udi_interface.interface DEBUG    interface:_message: QUEUING incoming message longPoll
2026-08-28 02:05:05.752 Command    udi_interface.interface DEBUG    interface:_parseInput: DEQUEING longPoll
2026-08-28 02:05:05.753 Command    udi_interface.interface DEBUG    interface:_handleInput: PROCESS longPoll message {} from Polyglot
2026-08-28 02:05:15.141 MQTT       udi_interface.interface DEBUG    interface:_message: QUEUING incoming message shortPoll
2026-08-28 02:05:15.141 Command    udi_interface.interface DEBUG    interface:_parseInput: DEQUEING shortPoll
2026-08-28 02:05:15.141 Command    udi_interface.interface DEBUG    interface:_handleInput: PROCESS shortPoll message {} from Polyglot
2026-08-28 02:06:15.143 MQTT       udi_interface.interface DEBUG    interface:_message: QUEUING incoming message shortPoll
2026-08-28 02:06:15.143 Command    udi_interface.interface DEBUG    interface:_parseInput: DEQUEING shortPoll
2026-08-28 02:06:15.143 Command    udi_interface.interface DEBUG    interface:_handleInput: PROCESS shortPoll message {} from Polyglot
2026-08-28 02:07:15.145 MQTT       udi_interface.interface DEBUG    interface:_message: QUEUING incoming message shortPoll
2026-08-28 02:07:15.145 Command    udi_interface.interface DEBUG    interface:_parseInput: DEQUEING shortPoll
2026-08-28 02:07:15.145 Command    udi_interface.interface DEBUG    interface:_handleInput: PROCESS shortPoll message {} from Polyglot
2026-08-28 02:08:15.146 MQTT       udi_interface.interface DEBUG    interface:_message: QUEUING incoming message shortPoll
2026-08-28 02:08:15.146 Command    udi_interface.interface DEBUG    interface:_parseInput: DEQUEING shortPoll
2026-08-28 02:08:15.147 Command    udi_interface.interface DEBUG    interface:_handleInput: PROCESS shortPoll message {} from Polyglot
2026-08-28 02:09:15.151 MQTT       udi_interface.interface DEBUG    interface:_message: QUEUING incoming message shortPoll
2026-08-28 02:09:15.151 Command    udi_interface.interface DEBUG    interface:_parseInput: DEQUEING shortPoll
2026-08-28 02:09:15.152 Command    udi_interface.interface DEBUG    interface:_handleInput: PROCESS shortPoll message {} from Polyglot
2026-08-28 02:10:05.755 MQTT       udi_interface.interface DEBUG    interface:_message: QUEUING incoming message longPoll
2026-08-28 02:10:05.755 Command    udi_interface.interface DEBUG    interface:_parseInput: DEQUEING longPoll
2026-08-28 02:10:05.755 Command    udi_interface.interface DEBUG    interface:_handleInput: PROCESS longPoll message {} from Polyglot
2026-08-28 02:10:15.160 MQTT       udi_interface.interface DEBUG    interface:_message: QUEUING incoming message shortPoll
2026-08-28 02:10:15.160 Command    udi_interface.interface DEBUG    interface:_parseInput: DEQUEING shortPoll
2026-08-28 02:10:15.160 Command    udi_interface.interface DEBUG    interface:_handleInput: PROCESS shortPoll message {} from Polyglot
2026-08-28 02:11:15.163 MQTT       udi_interface.interface DEBUG    interface:_message: QUEUING incoming message shortPoll
2026-08-28 02:11:15.163 Command    udi_interface.interface DEBUG    interface:_parseInput: DEQUEING shortPoll
2026-08-28 02:11:15.163 Command    udi_interface.interface DEBUG    interface:_handleInput: PROCESS shortPoll message {} from Polyglot
2026-08-28 02:12:15.169 MQTT       udi_interface.interface DEBUG    interface:_message: QUEUING incoming message shortPoll
2026-08-28 02:12:15.169 Command    udi_interface.interface DEBUG    interface:_parseInput: DEQUEING shortPoll
2026-08-28 02:12:15.169 Command    udi_interface.interface DEBUG    interface:_handleInput: PROCESS shortPoll message {} from Polyglot
2026-08-28 02:13:15.176 MQTT       udi_interface.interface DEBUG    interface:_message: QUEUING incoming message shortPoll
2026-08-28 02:13:15.176 Command    udi_interface.interface DEBUG    interface:_parseInput: DEQUEING shortPoll
2026-08-28 02:13:15.176 Command    udi_interface.interface DEBUG    interface:_handleInput: PROCESS shortPoll message {} from Polyglot
2026-08-28 02:14:15.176 MQTT       udi_interface.interface DEBUG    interface:_message: QUEUING incoming message shortPoll
2026-08-28 02:14:15.176 Command    udi_interface.interface DEBUG    interface:_parseInput: DEQUEING shortPoll
2026-08-28 02:14:15.176 Command    udi_interface.interface DEBUG    interface:_handleInput: PROCESS shortPoll message {} from Polyglot
2026-08-28 02:15:05.756 MQTT       udi_interface.interface DEBUG    interface:_message: QUEUING incoming message longPoll
2026-08-28 02:15:05.757 Command    udi_interface.interface DEBUG    interface:_parseInput: DEQUEING longPoll
2026-08-28 02:15:05.757 Command    udi_interface.interface DEBUG    interface:_handleInput: PROCESS longPoll message {} from Polyglot
2026-08-28 02:15:15.178 MQTT       udi_interface.interface DEBUG    interface:_message: QUEUING incoming message shortPoll
2026-08-28 02:15:15.178 Command    udi_interface.interface DEBUG    interface:_parseInput: DEQUEING shortPoll
2026-08-28 02:15:15.178 Command    udi_interface.interface DEBUG    interface:_handleInput: PROCESS shortPoll message {} from Polyglot
2026-08-28 02:16:15.180 MQTT       udi_interface.interface DEBUG    interface:_message: QUEUING incoming message shortPoll
2026-08-28 02:16:15.180 Command    udi_interface.interface DEBUG    interface:_parseInput: DEQUEING shortPoll
2026-08-28 02:16:15.180 Command    udi_interface.interface DEBUG    interface:_handleInput: PROCESS shortPoll message {} from Polyglot
2026-08-28 02:17:15.187 MQTT       udi_interface.interface DEBUG    interface:_message: QUEUING incoming message shortPoll
2026-08-28 02:17:15.187 Command    udi_interface.interface DEBUG    interface:_parseInput: DEQUEING shortPoll
2026-08-28 02:17:15.187 Command    udi_interface.interface DEBUG    interface:_handleInput: PROCESS shortPoll message {} from Polyglot
2026-08-28 02:18:15.190 MQTT       udi_interface.interface DEBUG    interface:_message: QUEUING incoming message shortPoll
2026-08-28 02:18:15.191 Command    udi_interface.interface DEBUG    interface:_parseInput: DEQUEING shortPoll
2026-08-28 02:18:15.191 Command    udi_interface.interface DEBUG    interface:_handleInput: PROCESS shortPoll message {} from Polyglot
2026-08-28 02:19:15.192 MQTT       udi_interface.interface DEBUG    interface:_message: QUEUING incoming message shortPoll
2026-08-28 02:19:15.192 Command    udi_interface.interface DEBUG    interface:_parseInput: DEQUEING shortPoll
2026-08-28 02:19:15.192 Command    udi_interface.interface DEBUG    interface:_handleInput: PROCESS shortPoll message {} from Polyglot
2026-08-28 02:20:05.758 MQTT       udi_interface.interface DEBUG    interface:_message: QUEUING incoming message longPoll
2026-08-28 02:20:05.758 Command    udi_interface.interface DEBUG    interface:_parseInput: DEQUEING longPoll
2026-08-28 02:20:05.758 Command    udi_interface.interface DEBUG    interface:_handleInput: PROCESS longPoll message {} from Polyglot
2026-08-28 02:20:15.195 MQTT       udi_interface.interface DEBUG    interface:_message: QUEUING incoming message shortPoll
2026-08-28 02:20:15.196 Command    udi_interface.interface DEBUG    interface:_parseInput: DEQUEING shortPoll
2026-08-28 02:20:15.196 Command    udi_interface.interface DEBUG    interface:_handleInput: PROCESS shortPoll message {} from Polyglot
2026-08-28 02:21:15.202 MQTT       udi_interface.interface DEBUG    interface:_message: QUEUING incoming message shortPoll
2026-08-28 02:21:15.202 Command    udi_interface.interface DEBUG    interface:_parseInput: DEQUEING shortPoll
2026-08-28 02:21:15.202 Command    udi_interface.interface DEBUG    interface:_handleInput: PROCESS shortPoll message {} from Polyglot
2026-08-28 02:22:15.203 MQTT       udi_interface.interface DEBUG    interface:_message: QUEUING incoming message shortPoll
2026-08-28 02:22:15.203 Command    udi_interface.interface DEBUG    interface:_parseInput: DEQUEING shortPoll
2026-08-28 02:22:15.204 Command    udi_interface.interface DEBUG    interface:_handleInput: PROCESS shortPoll message {} from Polyglot
2026-08-28 02:23:15.205 MQTT       udi_interface.interface DEBUG    interface:_message: QUEUING incoming message shortPoll
2026-08-28 02:23:15.205 Command    udi_interface.interface DEBUG    interface:_parseInput: DEQUEING shortPoll
2026-08-28 02:23:15.205 Command    udi_interface.interface DEBUG    interface:_handleInput: PROCESS shortPoll message {} from Polyglot
2026-08-28 02:24:15.210 MQTT       udi_interface.interface DEBUG    interface:_message: QUEUING incoming message shortPoll
2026-08-28 02:24:15.210 Command    udi_interface.interface DEBUG    interface:_parseInput: DEQUEING shortPoll
2026-08-28 02:24:15.210 Command    udi_interface.interface DEBUG    interface:_handleInput: PROCESS shortPoll message {} from Polyglot
2026-08-28 02:25:05.765 MQTT       udi_interface.interface DEBUG    interface:_message: QUEUING incoming message longPoll
2026-08-28 02:25:05.765 Command    udi_interface.interface DEBUG    interface:_parseInput: DEQUEING longPoll
2026-08-28 02:25:05.765 Command    udi_interface.interface DEBUG    interface:_handleInput: PROCESS longPoll message {} from Polyglot
2026-08-28 02:25:15.210 MQTT       udi_interface.interface DEBUG    interface:_message: QUEUING incoming message shortPoll
2026-08-28 02:25:15.211 Command    udi_interface.interface DEBUG    interface:_parseInput: DEQUEING shortPoll
2026-08-28 02:25:15.211 Command    udi_interface.interface DEBUG    interface:_handleInput: PROCESS shortPoll message {} from Polyglot
2026-08-28 02:26:15.214 MQTT       udi_interface.interface DEBUG    interface:_message: QUEUING incoming message shortPoll
2026-08-28 02:26:15.214 Command    udi_interface.interface DEBUG    interface:_parseInput: DEQUEING shortPoll
2026-08-28 02:26:15.214 Command    udi_interface.interface DEBUG    interface:_handleInput: PROCESS shortPoll message {} from Polyglot
2026-08-28 02:27:15.216 MQTT       udi_interface.interface DEBUG    interface:_message: QUEUING incoming message shortPoll
2026-08-28 02:27:15.217 Command    udi_interface.interface DEBUG    interface:_parseInput: DEQUEING shortPoll
2026-08-28 02:27:15.217 Command    udi_interface.interface DEBUG    interface:_handleInput: PROCESS shortPoll message {} from Polyglot
2026-08-28 02:28:15.217 MQTT       udi_interface.interface DEBUG    interface:_message: QUEUING incoming message shortPoll
2026-08-28 02:28:15.218 Command    udi_interface.interface DEBUG    interface:_parseInput: DEQUEING shortPoll
2026-08-28 02:28:15.218 Command    udi_interface.interface DEBUG    interface:_handleInput: PROCESS shortPoll message {} from Polyglot
2026-08-28 02:29:15.227 MQTT       udi_interface.interface DEBUG    interface:_message: QUEUING incoming message shortPoll
2026-08-28 02:29:15.227 Command    udi_interface.interface DEBUG    interface:_parseInput: DEQUEING shortPoll
2026-08-28 02:29:15.227 Command    udi_interface.interface DEBUG    interface:_handleInput: PROCESS shortPoll message {} from Polyglot
2026-08-28 02:30:05.770 MQTT       udi_interface.interface DEBUG    interface:_message: QUEUING incoming message longPoll
2026-08-28 02:30:05.770 Command    udi_interface.interface DEBUG    interface:_parseInput: DEQUEING longPoll
2026-08-28 02:30:05.770 Command    udi_interface.interface DEBUG    interface:_handleInput: PROCESS longPoll message {} from Polyglot
2026-08-28 02:30:15.229 MQTT       udi_interface.interface DEBUG    interface:_message: QUEUING incoming message shortPoll
2026-08-28 02:30:15.229 Command    udi_interface.interface DEBUG    interface:_parseInput: DEQUEING shortPoll
2026-08-28 02:30:15.229 Command    udi_interface.interface DEBUG    interface:_handleInput: PROCESS shortPoll message {} from Polyglot
2026-08-28 02:31:15.234 MQTT       udi_interface.interface DEBUG    interface:_message: QUEUING incoming message shortPoll
2026-08-28 02:31:15.235 Command    udi_interface.interface DEBUG    interface:_parseInput: DEQUEING shortPoll
2026-08-28 02:31:15.235 Command    udi_interface.interface DEBUG    interface:_handleInput: PROCESS shortPoll message {} from Polyglot
2026-08-28 02:32:15.239 MQTT       udi_interface.interface DEBUG    interface:_message: QUEUING incoming message shortPoll
2026-08-28 02:32:15.239 Command    udi_interface.interface DEBUG    interface:_parseInput: DEQUEING shortPoll
2026-08-28 02:32:15.239 Command    udi_interface.interface DEBUG    interface:_handleInput: PROCESS shortPoll message {} from Polyglot
2026-08-28 02:33:15.249 MQTT       udi_interface.interface DEBUG    interface:_message: QUEUING incoming message shortPoll
2026-08-28 02:33:15.250 Command    udi_interface.interface DEBUG    interface:_parseInput: DEQUEING shortPoll
2026-08-28 02:33:15.250 Command    udi_interface.interface DEBUG    interface:_handleInput: PROCESS shortPoll message {} from Polyglot
2026-08-28 02:34:15.260 MQTT       udi_interface.interface DEBUG    interface:_message: QUEUING incoming message shortPoll
2026-08-28 02:34:15.260 Command    udi_interface.interface DEBUG    interface:_parseInput: DEQUEING shortPoll
2026-08-28 02:34:15.260 Command    udi_interface.interface DEBUG    interface:_handleInput: PROCESS shortPoll message {} from Polyglot
2026-08-28 02:35:05.780 MQTT       udi_interface.interface DEBUG    interface:_message: QUEUING incoming message longPoll
2026-08-28 02:35:05.780 Command    udi_interface.interface DEBUG    interface:_parseInput: DEQUEING longPoll
2026-08-28 02:35:05.780 Command    udi_interface.interface DEBUG    interface:_handleInput: PROCESS longPoll message {} from Polyglot
2026-08-28 02:35:15.260 MQTT       udi_interface.interface DEBUG    interface:_message: QUEUING incoming message shortPoll
2026-08-28 02:35:15.260 Command    udi_interface.interface DEBUG    interface:_parseInput: DEQUEING shortPoll
2026-08-28 02:35:15.260 Command    udi_interface.interface DEBUG    interface:_handleInput: PROCESS shortPoll message {} from Polyglot
2026-08-28 02:36:15.261 MQTT       udi_interface.interface DEBUG    interface:_message: QUEUING incoming message shortPoll
2026-08-28 02:36:15.262 Command    udi_interface.interface DEBUG    interface:_parseInput: DEQUEING shortPoll
2026-08-28 02:36:15.262 Command    udi_interface.interface DEBUG    interface:_handleInput: PROCESS shortPoll message {} from Polyglot
2026-08-28 02:37:15.262 MQTT       udi_interface.interface DEBUG    interface:_message: QUEUING incoming message shortPoll
2026-08-28 02:37:15.263 Command    udi_interface.interface DEBUG    interface:_parseInput: DEQUEING shortPoll
2026-08-28 02:37:15.263 Command    udi_interface.interface DEBUG    interface:_handleInput: PROCESS shortPoll message {} from Polyglot
2026-08-28 02:38:15.272 MQTT       udi_interface.interface DEBUG    interface:_message: QUEUING incoming message shortPoll
2026-08-28 02:38:15.272 Command    udi_interface.interface DEBUG    interface:_parseInput: DEQUEING shortPoll
2026-08-28 02:38:15.272 Command    udi_interface.interface DEBUG    interface:_handleInput: PROCESS shortPoll message {} from Polyglot
2026-08-28 02:39:15.274 MQTT       udi_interface.interface DEBUG    interface:_message: QUEUING incoming message shortPoll
2026-08-28 02:39:15.275 Command    udi_interface.interface DEBUG    interface:_parseInput: DEQUEING shortPoll
2026-08-28 02:39:15.275 Command    udi_interface.interface DEBUG    interface:_handleInput: PROCESS shortPoll message {} from Polyglot
2026-08-28 02:40:05.790 MQTT       udi_interface.interface DEBUG    interface:_message: QUEUING incoming message longPoll
2026-08-28 02:40:05.790 Command    udi_interface.interface DEBUG    interface:_parseInput: DEQUEING longPoll
2026-08-28 02:40:05.790 Command    udi_interface.interface DEBUG    interface:_handleInput: PROCESS longPoll message {} from Polyglot
2026-08-28 02:40:15.283 MQTT       udi_interface.interface DEBUG    interface:_message: QUEUING incoming message shortPoll
2026-08-28 02:40:15.284 Command    udi_interface.interface DEBUG    interface:_parseInput: DEQUEING shortPoll
2026-08-28 02:40:15.284 Command    udi_interface.interface DEBUG    interface:_handleInput: PROCESS shortPoll message {} from Polyglot
2026-08-28 02:41:15.290 MQTT       udi_interface.interface DEBUG    interface:_message: QUEUING incoming message shortPoll
2026-08-28 02:41:15.290 Command    udi_interface.interface DEBUG    interface:_parseInput: DEQUEING shortPoll
2026-08-28 02:41:15.290 Command    udi_interface.interface DEBUG    interface:_handleInput: PROCESS shortPoll message {} from Polyglot
2026-08-28 02:42:15.292 MQTT       udi_interface.interface DEBUG    interface:_message: QUEUING incoming message shortPoll
2026-08-28 02:42:15.292 Command    udi_interface.interface DEBUG    interface:_parseInput: DEQUEING shortPoll
2026-08-28 02:42:15.293 Command    udi_interface.interface DEBUG    interface:_handleInput: PROCESS shortPoll message {} from Polyglot
2026-08-28 02:43:15.301 MQTT       udi_interface.interface DEBUG    interface:_message: QUEUING incoming message shortPoll
2026-08-28 02:43:15.301 Command    udi_interface.interface DEBUG    interface:_parseInput: DEQUEING shortPoll
2026-08-28 02:43:15.301 Command    udi_interface.interface DEBUG    interface:_handleInput: PROCESS shortPoll message {} from Polyglot
2026-08-28 02:44:15.303 MQTT       udi_interface.interface DEBUG    interface:_message: QUEUING incoming message shortPoll
2026-08-28 02:44:15.303 Command    udi_interface.interface DEBUG    interface:_parseInput: DEQUEING shortPoll
2026-08-28 02:44:15.303 Command    udi_interface.interface DEBUG    interface:_handleInput: PROCESS shortPoll message {} from Polyglot
2026-08-28 02:45:05.793 MQTT       udi_interface.interface DEBUG    interface:_message: QUEUING incoming message longPoll
2026-08-28 02:45:05.793 Command    udi_interface.interface DEBUG    interface:_parseInput: DEQUEING longPoll
2026-08-28 02:45:05.793 Command    udi_interface.interface DEBUG    interface:_handleInput: PROCESS longPoll message {} from Polyglot
2026-08-28 02:45:15.308 MQTT       udi_interface.interface DEBUG    interface:_message: QUEUING incoming message shortPoll
2026-08-28 02:45:15.308 Command    udi_interface.interface DEBUG    interface:_parseInput: DEQUEING shortPoll
2026-08-28 02:45:15.308 Command    udi_interface.interface DEBUG    interface:_handleInput: PROCESS shortPoll message {} from Polyglot
2026-08-28 02:46:15.309 MQTT       udi_interface.interface DEBUG    interface:_message: QUEUING incoming message shortPoll
2026-08-28 02:46:15.309 Command    udi_interface.interface DEBUG    interface:_parseInput: DEQUEING shortPoll
2026-08-28 02:46:15.309 Command    udi_interface.interface DEBUG    interface:_handleInput: PROCESS shortPoll message {} from Polyglot
2026-08-28 02:47:15.316 MQTT       udi_interface.interface DEBUG    interface:_message: QUEUING incoming message shortPoll
2026-08-28 02:47:15.316 Command    udi_interface.interface DEBUG    interface:_parseInput: DEQUEING shortPoll
2026-08-28 02:47:15.316 Command    udi_interface.interface DEBUG    interface:_handleInput: PROCESS shortPoll message {} from Polyglot
2026-08-28 02:48:15.324 MQTT       udi_interface.interface DEBUG    interface:_message: QUEUING incoming message shortPoll
2026-08-28 02:48:15.325 Command    udi_interface.interface DEBUG    interface:_parseInput: DEQUEING shortPoll
2026-08-28 02:48:15.325 Command    udi_interface.interface DEBUG    interface:_handleInput: PROCESS shortPoll message {} from Polyglot
2026-08-28 02:49:15.325 MQTT       udi_interface.interface DEBUG    interface:_message: QUEUING incoming message shortPoll
2026-08-28 02:49:15.326 Command    udi_interface.interface DEBUG    interface:_parseInput: DEQUEING shortPoll
2026-08-28 02:49:15.326 Command    udi_interface.interface DEBUG    interface:_handleInput: PROCESS shortPoll message {} from Polyglot
2026-08-28 02:50:05.794 MQTT       udi_interface.interface DEBUG    interface:_message: QUEUING incoming message longPoll
2026-08-28 02:50:05.795 Command    udi_interface.interface DEBUG    interface:_parseInput: DEQUEING longPoll
2026-08-28 02:50:05.795 Command    udi_interface.interface DEBUG    interface:_handleInput: PROCESS longPoll message {} from Polyglot
2026-08-28 02:50:15.331 MQTT       udi_interface.interface DEBUG    interface:_message: QUEUING incoming message shortPoll
2026-08-28 02:50:15.331 Command    udi_interface.interface DEBUG    interface:_parseInput: DEQUEING shortPoll
2026-08-28 02:50:15.331 Command    udi_interface.interface DEBUG    interface:_handleInput: PROCESS shortPoll message {} from Polyglot
2026-08-28 02:51:15.335 MQTT       udi_interface.interface DEBUG    interface:_message: QUEUING incoming message shortPoll
2026-08-28 02:51:15.335 Command    udi_interface.interface DEBUG    interface:_parseInput: DEQUEING shortPoll
2026-08-28 02:51:15.335 Command    udi_interface.interface DEBUG    interface:_handleInput: PROCESS shortPoll message {} from Polyglot
2026-08-28 02:52:15.345 MQTT       udi_interface.interface DEBUG    interface:_message: QUEUING incoming message shortPoll
2026-08-28 02:52:15.345 Command    udi_interface.interface DEBUG    interface:_parseInput: DEQUEING shortPoll
2026-08-28 02:52:15.345 Command    udi_interface.interface DEBUG    interface:_handleInput: PROCESS shortPoll message {} from Polyglot
2026-08-28 02:53:15.355 MQTT       udi_interface.interface DEBUG    interface:_message: QUEUING incoming message shortPoll
2026-08-28 02:53:15.355 Command    udi_interface.interface DEBUG    interface:_parseInput: DEQUEING shortPoll
2026-08-28 02:53:15.355 Command    udi_interface.interface DEBUG    interface:_handleInput: PROCESS shortPoll message {} from Polyglot
2026-08-28 02:54:15.362 MQTT       udi_interface.interface DEBUG    interface:_message: QUEUING incoming message shortPoll
2026-08-28 02:54:15.362 Command    udi_interface.interface DEBUG    interface:_parseInput: DEQUEING shortPoll
2026-08-28 02:54:15.362 Command    udi_interface.interface DEBUG    interface:_handleInput: PROCESS shortPoll message {} from Polyglot
2026-08-28 02:55:05.805 MQTT       udi_interface.interface DEBUG    interface:_message: QUEUING incoming message longPoll
2026-08-28 02:55:05.805 Command    udi_interface.interface DEBUG    interface:_parseInput: DEQUEING longPoll
2026-08-28 02:55:05.805 Command    udi_interface.interface DEBUG    interface:_handleInput: PROCESS longPoll message {} from Polyglot
2026-08-28 02:55:15.367 MQTT       udi_interface.interface DEBUG    interface:_message: QUEUING incoming message shortPoll
2026-08-28 02:55:15.368 Command    udi_interface.interface DEBUG    interface:_parseInput: DEQUEING shortPoll
2026-08-28 02:55:15.368 Command    udi_interface.interface DEBUG    interface:_handleInput: PROCESS shortPoll message {} from Polyglot
2026-08-28 02:56:15.378 MQTT       udi_interface.interface DEBUG    interface:_message: QUEUING incoming message shortPoll
2026-08-28 02:56:15.378 Command    udi_interface.interface DEBUG    interface:_parseInput: DEQUEING shortPoll
2026-08-28 02:56:15.378 Command    udi_interface.interface DEBUG    interface:_handleInput: PROCESS shortPoll message {} from Polyglot
2026-08-28 02:57:15.385 MQTT       udi_interface.interface DEBUG    interface:_message: QUEUING incoming message shortPoll
2026-08-28 02:57:15.385 Command    udi_interface.interface DEBUG    interface:_parseInput: DEQUEING shortPoll
2026-08-28 02:57:15.385 Command    udi_interface.interface DEBUG    interface:_handleInput: PROCESS shortPoll message {} from Polyglot
2026-08-28 02:58:15.387 MQTT       udi_interface.interface DEBUG    interface:_message: QUEUING incoming message shortPoll
2026-08-28 02:58:15.387 Command    udi_interface.interface DEBUG    interface:_parseInput: DEQUEING shortPoll
2026-08-28 02:58:15.387 Command    udi_interface.interface DEBUG    interface:_handleInput: PROCESS shortPoll message {} from Polyglot
2026-08-28 02:59:15.387 MQTT       udi_interface.interface DEBUG    interface:_message: QUEUING incoming message shortPoll
2026-08-28 02:59:15.387 Command    udi_interface.interface DEBUG    interface:_parseInput: DEQUEING shortPoll
2026-08-28 02:59:15.387 Command    udi_interface.interface DEBUG    interface:_handleInput: PROCESS shortPoll message {} from Polyglot
2026-08-28 03:00:05.810 MQTT       udi_interface.interface DEBUG    interface:_message: QUEUING incoming message longPoll
2026-08-28 03:00:05.810 Command    udi_interface.interface DEBUG    interface:_parseInput: DEQUEING longPoll
2026-08-28 03:00:05.811 Command    udi_interface.interface DEBUG    interface:_handleInput: PROCESS longPoll message {} from Polyglot
2026-08-28 03:00:15.393 MQTT       udi_interface.interface DEBUG    interface:_message: QUEUING incoming message shortPoll
2026-08-28 03:00:15.393 Command    udi_interface.interface DEBUG    interface:_parseInput: DEQUEING shortPoll
2026-08-28 03:00:15.394 Command    udi_interface.interface DEBUG    interface:_handleInput: PROCESS shortPoll message {} from Polyglot
2026-08-28 03:01:15.396 MQTT       udi_interface.interface DEBUG    interface:_message: QUEUING incoming message shortPoll
2026-08-28 03:01:15.396 Command    udi_interface.interface DEBUG    interface:_parseInput: DEQUEING shortPoll
2026-08-28 03:01:15.396 Command    udi_interface.interface DEBUG    interface:_handleInput: PROCESS shortPoll message {} from Polyglot
2026-08-28 03:02:15.401 MQTT       udi_interface.interface DEBUG    interface:_message: QUEUING incoming message shortPoll
2026-08-28 03:02:15.402 Command    udi_interface.interface DEBUG    interface:_parseInput: DEQUEING shortPoll
2026-08-28 03:02:15.402 Command    udi_interface.interface DEBUG    interface:_handleInput: PROCESS shortPoll message {} from Polyglot
2026-08-28 03:03:15.404 MQTT       udi_interface.interface DEBUG    interface:_message: QUEUING incoming message shortPoll
2026-08-28 03:03:15.404 Command    udi_interface.interface DEBUG    interface:_parseInput: DEQUEING shortPoll
2026-08-28 03:03:15.404 Command    udi_interface.interface DEBUG    interface:_handleInput: PROCESS shortPoll message {} from Polyglot
2026-08-28 03:04:15.406 MQTT       udi_interface.interface DEBUG    interface:_message: QUEUING incoming message shortPoll
2026-08-28 03:04:15.406 Command    udi_interface.interface DEBUG    interface:_parseInput: DEQUEING shortPoll
2026-08-28 03:04:15.406 Command    udi_interface.interface DEBUG    interface:_handleInput: PROCESS shortPoll message {} from Polyglot
2026-08-28 03:05:05.817 MQTT       udi_interface.interface DEBUG    interface:_message: QUEUING incoming message longPoll
2026-08-28 03:05:05.817 Command    udi_interface.interface DEBUG    interface:_parseInput: DEQUEING longPoll
2026-08-28 03:05:05.817 Command    udi_interface.interface DEBUG    interface:_handleInput: PROCESS longPoll message {} from Polyglot
2026-08-28 03:05:15.412 MQTT       udi_interface.interface DEBUG    interface:_message: QUEUING incoming message shortPoll
2026-08-28 03:05:15.412 Command    udi_interface.interface DEBUG    interface:_parseInput: DEQUEING shortPoll
2026-08-28 03:05:15.412 Command    udi_interface.interface DEBUG    interface:_handleInput: PROCESS shortPoll message {} from Polyglot
2026-08-28 03:06:15.413 MQTT       udi_interface.interface DEBUG    interface:_message: QUEUING incoming message shortPoll
2026-08-28 03:06:15.413 Command    udi_interface.interface DEBUG    interface:_parseInput: DEQUEING shortPoll
2026-08-28 03:06:15.413 Command    udi_interface.interface DEBUG    interface:_handleInput: PROCESS shortPoll message {} from Polyglot
2026-08-28 03:07:15.419 MQTT       udi_interface.interface DEBUG    interface:_message: QUEUING incoming message shortPoll
2026-08-28 03:07:15.420 Command    udi_interface.interface DEBUG    interface:_parseInput: DEQUEING shortPoll
2026-08-28 03:07:15.420 Command    udi_interface.interface DEBUG    interface:_handleInput: PROCESS shortPoll message {} from Polyglot
2026-08-28 03:08:15.420 MQTT       udi_interface.interface DEBUG    interface:_message: QUEUING incoming message shortPoll
2026-08-28 03:08:15.420 Command    udi_interface.interface DEBUG    interface:_parseInput: DEQUEING shortPoll
2026-08-28 03:08:15.420 Command    udi_interface.interface DEBUG    interface:_handleInput: PROCESS shortPoll message {} from Polyglot
2026-08-28 03:09:15.421 MQTT       udi_interface.interface DEBUG    interface:_message: QUEUING incoming message shortPoll
2026-08-28 03:09:15.421 Command    udi_interface.interface DEBUG    interface:_parseInput: DEQUEING shortPoll
2026-08-28 03:09:15.421 Command    udi_interface.interface DEBUG    interface:_handleInput: PROCESS shortPoll message {} from Polyglot
2026-08-28 03:10:05.828 MQTT       udi_interface.interface DEBUG    interface:_message: QUEUING incoming message longPoll
2026-08-28 03:10:05.828 Command    udi_interface.interface DEBUG    interface:_parseInput: DEQUEING longPoll
2026-08-28 03:10:05.828 Command    udi_interface.interface DEBUG    interface:_handleInput: PROCESS longPoll message {} from Polyglot
2026-08-28 03:10:15.429 MQTT       udi_interface.interface DEBUG    interface:_message: QUEUING incoming message shortPoll
2026-08-28 03:10:15.430 Command    udi_interface.interface DEBUG    interface:_parseInput: DEQUEING shortPoll
2026-08-28 03:10:15.430 Command    udi_interface.interface DEBUG    interface:_handleInput: PROCESS shortPoll message {} from Polyglot
2026-08-28 03:11:15.434 MQTT       udi_interface.interface DEBUG    interface:_message: QUEUING incoming message shortPoll
2026-08-28 03:11:15.434 Command    udi_interface.interface DEBUG    interface:_parseInput: DEQUEING shortPoll
2026-08-28 03:11:15.434 Command    udi_interface.interface DEBUG    interface:_handleInput: PROCESS shortPoll message {} from Polyglot
2026-08-28 03:12:15.443 MQTT       udi_interface.interface DEBUG    interface:_message: QUEUING incoming message shortPoll
2026-08-28 03:12:15.443 Command    udi_interface.interface DEBUG    interface:_parseInput: DEQUEING shortPoll
2026-08-28 03:12:15.443 Command    udi_interface.interface DEBUG    interface:_handleInput: PROCESS shortPoll message {} from Polyglot
2026-08-28 03:13:15.445 MQTT       udi_interface.interface DEBUG    interface:_message: QUEUING incoming message shortPoll
2026-08-28 03:13:15.446 Command    udi_interface.interface DEBUG    interface:_parseInput: DEQUEING shortPoll
2026-08-28 03:13:15.446 Command    udi_interface.interface DEBUG    interface:_handleInput: PROCESS shortPoll message {} from Polyglot
2026-08-28 03:14:15.446 MQTT       udi_interface.interface DEBUG    interface:_message: QUEUING incoming message shortPoll
2026-08-28 03:14:15.446 Command    udi_interface.interface DEBUG    interface:_parseInput: DEQUEING shortPoll
2026-08-28 03:14:15.446 Command    udi_interface.interface DEBUG    interface:_handleInput: PROCESS shortPoll message {} from Polyglot
2026-08-28 03:15:05.831 MQTT       udi_interface.interface DEBUG    interface:_message: QUEUING incoming message longPoll
2026-08-28 03:15:05.831 Command    udi_interface.interface DEBUG    interface:_parseInput: DEQUEING longPoll
2026-08-28 03:15:05.832 Command    udi_interface.interface DEBUG    interface:_handleInput: PROCESS longPoll message {} from Polyglot
2026-08-28 03:15:15.455 MQTT       udi_interface.interface DEBUG    interface:_message: QUEUING incoming message shortPoll
2026-08-28 03:15:15.455 Command    udi_interface.interface DEBUG    interface:_parseInput: DEQUEING shortPoll
2026-08-28 03:15:15.455 Command    udi_interface.interface DEBUG    interface:_handleInput: PROCESS shortPoll message {} from Polyglot
2026-08-28 03:16:15.463 MQTT       udi_interface.interface DEBUG    interface:_message: QUEUING incoming message shortPoll
2026-08-28 03:16:15.463 Command    udi_interface.interface DEBUG    interface:_parseInput: DEQUEING shortPoll
2026-08-28 03:16:15.464 Command    udi_interface.interface DEBUG    interface:_handleInput: PROCESS shortPoll message {} from Polyglot
2026-08-28 03:17:15.472 MQTT       udi_interface.interface DEBUG    interface:_message: QUEUING incoming message shortPoll
2026-08-28 03:17:15.472 Command    udi_interface.interface DEBUG    interface:_parseInput: DEQUEING shortPoll
2026-08-28 03:17:15.472 Command    udi_interface.interface DEBUG    interface:_handleInput: PROCESS shortPoll message {} from Polyglot
2026-08-28 03:18:15.477 MQTT       udi_interface.interface DEBUG    interface:_message: QUEUING incoming message shortPoll
2026-08-28 03:18:15.477 Command    udi_interface.interface DEBUG    interface:_parseInput: DEQUEING shortPoll
2026-08-28 03:18:15.478 Command    udi_interface.interface DEBUG    interface:_handleInput: PROCESS shortPoll message {} from Polyglot
2026-08-28 03:19:15.486 MQTT       udi_interface.interface DEBUG    interface:_message: QUEUING incoming message shortPoll
2026-08-28 03:19:15.487 Command    udi_interface.interface DEBUG    interface:_parseInput: DEQUEING shortPoll
2026-08-28 03:19:15.487 Command    udi_interface.interface DEBUG    interface:_handleInput: PROCESS shortPoll message {} from Polyglot
2026-08-28 03:20:05.838 MQTT       udi_interface.interface DEBUG    interface:_message: QUEUING incoming message longPoll
2026-08-28 03:20:05.838 Command    udi_interface.interface DEBUG    interface:_parseInput: DEQUEING longPoll
2026-08-28 03:20:05.838 Command    udi_interface.interface DEBUG    interface:_handleInput: PROCESS longPoll message {} from Polyglot
2026-08-28 03:20:15.495 MQTT       udi_interface.interface DEBUG    interface:_message: QUEUING incoming message shortPoll
2026-08-28 03:20:15.495 Command    udi_interface.interface DEBUG    interface:_parseInput: DEQUEING shortPoll
2026-08-28 03:20:15.495 Command    udi_interface.interface DEBUG    interface:_handleInput: PROCESS shortPoll message {} from Polyglot
2026-08-28 03:21:15.497 MQTT       udi_interface.interface DEBUG    interface:_message: QUEUING incoming message shortPoll
2026-08-28 03:21:15.497 Command    udi_interface.interface DEBUG    interface:_parseInput: DEQUEING shortPoll
2026-08-28 03:21:15.497 Command    udi_interface.interface DEBUG    interface:_handleInput: PROCESS shortPoll message {} from Polyglot
2026-08-28 03:22:15.502 MQTT       udi_interface.interface DEBUG    interface:_message: QUEUING incoming message shortPoll
2026-08-28 03:22:15.502 Command    udi_interface.interface DEBUG    interface:_parseInput: DEQUEING shortPoll
2026-08-28 03:22:15.502 Command    udi_interface.interface DEBUG    interface:_handleInput: PROCESS shortPoll message {} from Polyglot
2026-08-28 03:23:15.505 MQTT       udi_interface.interface DEBUG    interface:_message: QUEUING incoming message shortPoll
2026-08-28 03:23:15.505 Command    udi_interface.interface DEBUG    interface:_parseInput: DEQUEING shortPoll
2026-08-28 03:23:15.505 Command    udi_interface.interface DEBUG    interface:_handleInput: PROCESS shortPoll message {} from Polyglot
2026-08-28 03:24:15.508 MQTT       udi_interface.interface DEBUG    interface:_message: QUEUING incoming message shortPoll
2026-08-28 03:24:15.508 Command    udi_interface.interface DEBUG    interface:_parseInput: DEQUEING shortPoll
2026-08-28 03:24:15.508 Command    udi_interface.interface DEBUG    interface:_handleInput: PROCESS shortPoll message {} from Polyglot
2026-08-28 03:25:05.838 MQTT       udi_interface.interface DEBUG    interface:_message: QUEUING incoming message longPoll
2026-08-28 03:25:05.838 Command    udi_interface.interface DEBUG    interface:_parseInput: DEQUEING longPoll
2026-08-28 03:25:05.838 Command    udi_interface.interface DEBUG    interface:_handleInput: PROCESS longPoll message {} from Polyglot
2026-08-28 03:25:15.515 MQTT       udi_interface.interface DEBUG    interface:_message: QUEUING incoming message shortPoll
2026-08-28 03:25:15.516 Command    udi_interface.interface DEBUG    interface:_parseInput: DEQUEING shortPoll
2026-08-28 03:25:15.516 Command    udi_interface.interface DEBUG    interface:_handleInput: PROCESS shortPoll message {} from Polyglot
2026-08-28 03:26:15.519 MQTT       udi_interface.interface DEBUG    interface:_message: QUEUING incoming message shortPoll
2026-08-28 03:26:15.519 Command    udi_interface.interface DEBUG    interface:_parseInput: DEQUEING shortPoll
2026-08-28 03:26:15.519 Command    udi_interface.interface DEBUG    interface:_handleInput: PROCESS shortPoll message {} from Polyglot
2026-08-28 03:27:15.530 MQTT       udi_interface.interface DEBUG    interface:_message: QUEUING incoming message shortPoll
2026-08-28 03:27:15.530 Command    udi_interface.interface DEBUG    interface:_parseInput: DEQUEING shortPoll
2026-08-28 03:27:15.530 Command    udi_interface.interface DEBUG    interface:_handleInput: PROCESS shortPoll message {} from Polyglot
2026-08-28 03:28:15.531 MQTT       udi_interface.interface DEBUG    interface:_message: QUEUING incoming message shortPoll
2026-08-28 03:28:15.531 Command    udi_interface.interface DEBUG    interface:_parseInput: DEQUEING shortPoll
2026-08-28 03:28:15.531 Command    udi_interface.interface DEBUG    interface:_handleInput: PROCESS shortPoll message {} from Polyglot
2026-08-28 03:29:15.537 MQTT       udi_interface.interface DEBUG    interface:_message: QUEUING incoming message shortPoll
2026-08-28 03:29:15.537 Command    udi_interface.interface DEBUG    interface:_parseInput: DEQUEING shortPoll
2026-08-28 03:29:15.537 Command    udi_interface.interface DEBUG    interface:_handleInput: PROCESS shortPoll message {} from Polyglot
2026-08-28 03:30:05.838 MQTT       udi_interface.interface DEBUG    interface:_message: QUEUING incoming message longPoll
2026-08-28 03:30:05.838 Command    udi_interface.interface DEBUG    interface:_parseInput: DEQUEING longPoll
2026-08-28 03:30:05.838 Command    udi_interface.interface DEBUG    interface:_handleInput: PROCESS longPoll message {} from Polyglot
2026-08-28 03:30:15.544 MQTT       udi_interface.interface DEBUG    interface:_message: QUEUING incoming message shortPoll
2026-08-28 03:30:15.544 Command    udi_interface.interface DEBUG    interface:_parseInput: DEQUEING shortPoll
2026-08-28 03:30:15.544 Command    udi_interface.interface DEBUG    interface:_handleInput: PROCESS shortPoll message {} from Polyglot
2026-08-28 03:31:15.550 MQTT       udi_interface.interface DEBUG    interface:_message: QUEUING incoming message shortPoll
2026-08-28 03:31:15.550 Command    udi_interface.interface DEBUG    interface:_parseInput: DEQUEING shortPoll
2026-08-28 03:31:15.550 Command    udi_interface.interface DEBUG    interface:_handleInput: PROCESS shortPoll message {} from Polyglot
2026-08-28 03:32:15.556 MQTT       udi_interface.interface DEBUG    interface:_message: QUEUING incoming message shortPoll
2026-08-28 03:32:15.556 Command    udi_interface.interface DEBUG    interface:_parseInput: DEQUEING shortPoll
2026-08-28 03:32:15.556 Command    udi_interface.interface DEBUG    interface:_handleInput: PROCESS shortPoll message {} from Polyglot
2026-08-28 03:33:15.561 MQTT       udi_interface.interface DEBUG    interface:_message: QUEUING incoming message shortPoll
2026-08-28 03:33:15.561 Command    udi_interface.interface DEBUG    interface:_parseInput: DEQUEING shortPoll
2026-08-28 03:33:15.561 Command    udi_interface.interface DEBUG    interface:_handleInput: PROCESS shortPoll message {} from Polyglot
2026-08-28 03:34:15.562 MQTT       udi_interface.interface DEBUG    interface:_message: QUEUING incoming message shortPoll
2026-08-28 03:34:15.563 Command    udi_interface.interface DEBUG    interface:_parseInput: DEQUEING shortPoll
2026-08-28 03:34:15.563 Command    udi_interface.interface DEBUG    interface:_handleInput: PROCESS shortPoll message {} from Polyglot
2026-08-28 03:35:05.845 MQTT       udi_interface.interface DEBUG    interface:_message: QUEUING incoming message longPoll
2026-08-28 03:35:05.845 Command    udi_interface.interface DEBUG    interface:_parseInput: DEQUEING longPoll
2026-08-28 03:35:05.845 Command    udi_interface.interface DEBUG    interface:_handleInput: PROCESS longPoll message {} from Polyglot
2026-08-28 03:35:15.570 MQTT       udi_interface.interface DEBUG    interface:_message: QUEUING incoming message shortPoll
2026-08-28 03:35:15.570 Command    udi_interface.interface DEBUG    interface:_parseInput: DEQUEING shortPoll
2026-08-28 03:35:15.570 Command    udi_interface.interface DEBUG    interface:_handleInput: PROCESS shortPoll message {} from Polyglot
2026-08-28 03:36:15.570 MQTT       udi_interface.interface DEBUG    interface:_message: QUEUING incoming message shortPoll
2026-08-28 03:36:15.570 Command    udi_interface.interface DEBUG    interface:_parseInput: DEQUEING shortPoll
2026-08-28 03:36:15.570 Command    udi_interface.interface DEBUG    interface:_handleInput: PROCESS shortPoll message {} from Polyglot
2026-08-28 03:37:15.574 MQTT       udi_interface.interface DEBUG    interface:_message: QUEUING incoming message shortPoll
2026-08-28 03:37:15.575 Command    udi_interface.interface DEBUG    interface:_parseInput: DEQUEING shortPoll
2026-08-28 03:37:15.575 Command    udi_interface.interface DEBUG    interface:_handleInput: PROCESS shortPoll message {} from Polyglot
2026-08-28 03:38:15.575 MQTT       udi_interface.interface DEBUG    interface:_message: QUEUING incoming message shortPoll
2026-08-28 03:38:15.575 Command    udi_interface.interface DEBUG    interface:_parseInput: DEQUEING shortPoll
2026-08-28 03:38:15.575 Command    udi_interface.interface DEBUG    interface:_handleInput: PROCESS shortPoll message {} from Polyglot
2026-08-28 03:39:15.584 MQTT       udi_interface.interface DEBUG    interface:_message: QUEUING incoming message shortPoll
2026-08-28 03:39:15.585 Command    udi_interface.interface DEBUG    interface:_parseInput: DEQUEING shortPoll
2026-08-28 03:39:15.585 Command    udi_interface.interface DEBUG    interface:_handleInput: PROCESS shortPoll message {} from Polyglot
2026-08-28 03:40:05.852 MQTT       udi_interface.interface DEBUG    interface:_message: QUEUING incoming message longPoll
2026-08-28 03:40:05.853 Command    udi_interface.interface DEBUG    interface:_parseInput: DEQUEING longPoll
2026-08-28 03:40:05.853 Command    udi_interface.interface DEBUG    interface:_handleInput: PROCESS longPoll message {} from Polyglot
2026-08-28 03:40:15.588 MQTT       udi_interface.interface DEBUG    interface:_message: QUEUING incoming message shortPoll
2026-08-28 03:40:15.589 Command    udi_interface.interface DEBUG    interface:_parseInput: DEQUEING shortPoll
2026-08-28 03:40:15.589 Command    udi_interface.interface DEBUG    interface:_handleInput: PROCESS shortPoll message {} from Polyglot
2026-08-28 03:41:15.589 MQTT       udi_interface.interface DEBUG    interface:_message: QUEUING incoming message shortPoll
2026-08-28 03:41:15.589 Command    udi_interface.interface DEBUG    interface:_parseInput: DEQUEING shortPoll
2026-08-28 03:41:15.589 Command    udi_interface.interface DEBUG    interface:_handleInput: PROCESS shortPoll message {} from Polyglot
2026-08-28 03:42:15.599 MQTT       udi_interface.interface DEBUG    interface:_message: QUEUING incoming message shortPoll
2026-08-28 03:42:15.599 Command    udi_interface.interface DEBUG    interface:_parseInput: DEQUEING shortPoll
2026-08-28 03:42:15.599 Command    udi_interface.interface DEBUG    interface:_handleInput: PROCESS shortPoll message {} from Polyglot
2026-08-28 03:43:15.600 MQTT       udi_interface.interface DEBUG    interface:_message: QUEUING incoming message shortPoll
2026-08-28 03:43:15.600 Command    udi_interface.interface DEBUG    interface:_parseInput: DEQUEING shortPoll
2026-08-28 03:43:15.600 Command    udi_interface.interface DEBUG    interface:_handleInput: PROCESS shortPoll message {} from Polyglot
2026-08-28 03:44:15.601 MQTT       udi_interface.interface DEBUG    interface:_message: QUEUING incoming message shortPoll
2026-08-28 03:44:15.601 Command    udi_interface.interface DEBUG    interface:_parseInput: DEQUEING shortPoll
2026-08-28 03:44:15.602 Command    udi_interface.interface DEBUG    interface:_handleInput: PROCESS shortPoll message {} from Polyglot
2026-08-28 03:45:05.859 MQTT       udi_interface.interface DEBUG    interface:_message: QUEUING incoming message longPoll
2026-08-28 03:45:05.859 Command    udi_interface.interface DEBUG    interface:_parseInput: DEQUEING longPoll
2026-08-28 03:45:05.859 Command    udi_interface.interface DEBUG    interface:_handleInput: PROCESS longPoll message {} from Polyglot
2026-08-28 03:45:15.603 MQTT       udi_interface.interface DEBUG    interface:_message: QUEUING incoming message shortPoll
2026-08-28 03:45:15.603 Command    udi_interface.interface DEBUG    interface:_parseInput: DEQUEING shortPoll
2026-08-28 03:45:15.603 Command    udi_interface.interface DEBUG    interface:_handleInput: PROCESS shortPoll message {} from Polyglot
2026-08-28 03:46:15.607 MQTT       udi_interface.interface DEBUG    interface:_message: QUEUING incoming message shortPoll
2026-08-28 03:46:15.608 Command    udi_interface.interface DEBUG    interface:_parseInput: DEQUEING shortPoll
2026-08-28 03:46:15.608 Command    udi_interface.interface DEBUG    interface:_handleInput: PROCESS shortPoll message {} from Polyglot
2026-08-28 03:47:15.612 MQTT       udi_interface.interface DEBUG    interface:_message: QUEUING incoming message shortPoll
2026-08-28 03:47:15.612 Command    udi_interface.interface DEBUG    interface:_parseInput: DEQUEING shortPoll
2026-08-28 03:47:15.612 Command    udi_interface.interface DEBUG    interface:_handleInput: PROCESS shortPoll message {} from Polyglot
2026-08-28 03:48:15.616 MQTT       udi_interface.interface DEBUG    interface:_message: QUEUING incoming message shortPoll
2026-08-28 03:48:15.616 Command    udi_interface.interface DEBUG    interface:_parseInput: DEQUEING shortPoll
2026-08-28 03:48:15.616 Command    udi_interface.interface DEBUG    interface:_handleInput: PROCESS shortPoll message {} from Polyglot
2026-08-28 03:49:15.621 MQTT       udi_interface.interface DEBUG    interface:_message: QUEUING incoming message shortPoll
2026-08-28 03:49:15.621 Command    udi_interface.interface DEBUG    interface:_parseInput: DEQUEING shortPoll
2026-08-28 03:49:15.621 Command    udi_interface.interface DEBUG    interface:_handleInput: PROCESS shortPoll message {} from Polyglot
2026-08-28 03:50:05.860 MQTT       udi_interface.interface DEBUG    interface:_message: QUEUING incoming message longPoll
2026-08-28 03:50:05.860 Command    udi_interface.interface DEBUG    interface:_parseInput: DEQUEING longPoll
2026-08-28 03:50:05.860 Command    udi_interface.interface DEBUG    interface:_handleInput: PROCESS longPoll message {} from Polyglot
2026-08-28 03:50:15.628 MQTT       udi_interface.interface DEBUG    interface:_message: QUEUING incoming message shortPoll
2026-08-28 03:50:15.628 Command    udi_interface.interface DEBUG    interface:_parseInput: DEQUEING shortPoll
2026-08-28 03:50:15.628 Command    udi_interface.interface DEBUG    interface:_handleInput: PROCESS shortPoll message {} from Polyglot
2026-08-28 03:51:15.633 MQTT       udi_interface.interface DEBUG    interface:_message: QUEUING incoming message shortPoll
2026-08-28 03:51:15.633 Command    udi_interface.interface DEBUG    interface:_parseInput: DEQUEING shortPoll
2026-08-28 03:51:15.633 Command    udi_interface.interface DEBUG    interface:_handleInput: PROCESS shortPoll message {} from Polyglot
2026-08-28 03:52:15.642 MQTT       udi_interface.interface DEBUG    interface:_message: QUEUING incoming message shortPoll
2026-08-28 03:52:15.642 Command    udi_interface.interface DEBUG    interface:_parseInput: DEQUEING shortPoll
2026-08-28 03:52:15.642 Command    udi_interface.interface DEBUG    interface:_handleInput: PROCESS shortPoll message {} from Polyglot
2026-08-28 03:53:15.649 MQTT       udi_interface.interface DEBUG    interface:_message: QUEUING incoming message shortPoll
2026-08-28 03:53:15.649 Command    udi_interface.interface DEBUG    interface:_parseInput: DEQUEING shortPoll
2026-08-28 03:53:15.649 Command    udi_interface.interface DEBUG    interface:_handleInput: PROCESS shortPoll message {} from Polyglot
2026-08-28 03:54:15.652 MQTT       udi_interface.interface DEBUG    interface:_message: QUEUING incoming message shortPoll
2026-08-28 03:54:15.652 Command    udi_interface.interface DEBUG    interface:_parseInput: DEQUEING shortPoll
2026-08-28 03:54:15.652 Command    udi_interface.interface DEBUG    interface:_handleInput: PROCESS shortPoll message {} from Polyglot
2026-08-28 03:55:05.867 MQTT       udi_interface.interface DEBUG    interface:_message: QUEUING incoming message longPoll
2026-08-28 03:55:05.867 Command    udi_interface.interface DEBUG    interface:_parseInput: DEQUEING longPoll
2026-08-28 03:55:05.868 Command    udi_interface.interface DEBUG    interface:_handleInput: PROCESS longPoll message {} from Polyglot
2026-08-28 03:55:15.657 MQTT       udi_interface.interface DEBUG    interface:_message: QUEUING incoming message shortPoll
2026-08-28 03:55:15.657 Command    udi_interface.interface DEBUG    interface:_parseInput: DEQUEING shortPoll
2026-08-28 03:55:15.658 Command    udi_interface.interface DEBUG    interface:_handleInput: PROCESS shortPoll message {} from Polyglot
2026-08-28 03:56:15.663 MQTT       udi_interface.interface DEBUG    interface:_message: QUEUING incoming message shortPoll
2026-08-28 03:56:15.663 Command    udi_interface.interface DEBUG    interface:_parseInput: DEQUEING shortPoll
2026-08-28 03:56:15.664 Command    udi_interface.interface DEBUG    interface:_handleInput: PROCESS shortPoll message {} from Polyglot
2026-08-28 03:57:15.666 MQTT       udi_interface.interface DEBUG    interface:_message: QUEUING incoming message shortPoll
2026-08-28 03:57:15.666 Command    udi_interface.interface DEBUG    interface:_parseInput: DEQUEING shortPoll
2026-08-28 03:57:15.666 Command    udi_interface.interface DEBUG    interface:_handleInput: PROCESS shortPoll message {} from Polyglot
2026-08-28 03:58:15.675 MQTT       udi_interface.interface DEBUG    interface:_message: QUEUING incoming message shortPoll
2026-08-28 03:58:15.675 Command    udi_interface.interface DEBUG    interface:_parseInput: DEQUEING shortPoll
2026-08-28 03:58:15.675 Command    udi_interface.interface DEBUG    interface:_handleInput: PROCESS shortPoll message {} from Polyglot
2026-08-28 03:59:15.684 MQTT       udi_interface.interface DEBUG    interface:_message: QUEUING incoming message shortPoll
2026-08-28 03:59:15.685 Command    udi_interface.interface DEBUG    interface:_parseInput: DEQUEING shortPoll
2026-08-28 03:59:15.685 Command    udi_interface.interface DEBUG    interface:_handleInput: PROCESS shortPoll message {} from Polyglot
2026-08-28 04:00:05.869 MQTT       udi_interface.interface DEBUG    interface:_message: QUEUING incoming message longPoll
2026-08-28 04:00:05.869 Command    udi_interface.interface DEBUG    interface:_parseInput: DEQUEING longPoll
2026-08-28 04:00:05.869 Command    udi_interface.interface DEBUG    interface:_handleInput: PROCESS longPoll message {} from Polyglot
2026-08-28 04:00:15.687 MQTT       udi_interface.interface DEBUG    interface:_message: QUEUING incoming message shortPoll
2026-08-28 04:00:15.687 Command    udi_interface.interface DEBUG    interface:_parseInput: DEQUEING shortPoll
2026-08-28 04:00:15.687 Command    udi_interface.interface DEBUG    interface:_handleInput: PROCESS shortPoll message {} from Polyglot
2026-08-28 04:01:15.692 MQTT       udi_interface.interface DEBUG    interface:_message: QUEUING incoming message shortPoll
2026-08-28 04:01:15.692 Command    udi_interface.interface DEBUG    interface:_parseInput: DEQUEING shortPoll
2026-08-28 04:01:15.692 Command    udi_interface.interface DEBUG    interface:_handleInput: PROCESS shortPoll message {} from Polyglot
2026-08-28 04:02:15.694 MQTT       udi_interface.interface DEBUG    interface:_message: QUEUING incoming message shortPoll
2026-08-28 04:02:15.695 Command    udi_interface.interface DEBUG    interface:_parseInput: DEQUEING shortPoll
2026-08-28 04:02:15.695 Command    udi_interface.interface DEBUG    interface:_handleInput: PROCESS shortPoll message {} from Polyglot
2026-08-28 04:03:15.704 MQTT       udi_interface.interface DEBUG    interface:_message: QUEUING incoming message shortPoll
2026-08-28 04:03:15.705 Command    udi_interface.interface DEBUG    interface:_parseInput: DEQUEING shortPoll
2026-08-28 04:03:15.705 Command    udi_interface.interface DEBUG    interface:_handleInput: PROCESS shortPoll message {} from Polyglot
2026-08-28 04:04:15.705 MQTT       udi_interface.interface DEBUG    interface:_message: QUEUING incoming message shortPoll
2026-08-28 04:04:15.705 Command    udi_interface.interface DEBUG    interface:_parseInput: DEQUEING shortPoll
2026-08-28 04:04:15.705 Command    udi_interface.interface DEBUG    interface:_handleInput: PROCESS shortPoll message {} from Polyglot
2026-08-28 04:05:05.870 MQTT       udi_interface.interface DEBUG    interface:_message: QUEUING incoming message longPoll
2026-08-28 04:05:05.871 Command    udi_interface.interface DEBUG    interface:_parseInput: DEQUEING longPoll
2026-08-28 04:05:05.871 Command    udi_interface.interface DEBUG    interface:_handleInput: PROCESS longPoll message {} from Polyglot
2026-08-28 04:05:15.705 MQTT       udi_interface.interface DEBUG    interface:_message: QUEUING incoming message shortPoll
2026-08-28 04:05:15.706 Command    udi_interface.interface DEBUG    interface:_parseInput: DEQUEING shortPoll
2026-08-28 04:05:15.706 Command    udi_interface.interface DEBUG    interface:_handleInput: PROCESS shortPoll message {} from Polyglot
2026-08-28 04:06:15.710 MQTT       udi_interface.interface DEBUG    interface:_message: QUEUING incoming message shortPoll
2026-08-28 04:06:15.710 Command    udi_interface.interface DEBUG    interface:_parseInput: DEQUEING shortPoll
2026-08-28 04:06:15.710 Command    udi_interface.interface DEBUG    interface:_handleInput: PROCESS shortPoll message {} from Polyglot
2026-08-28 04:07:15.718 MQTT       udi_interface.interface DEBUG    interface:_message: QUEUING incoming message shortPoll
2026-08-28 04:07:15.718 Command    udi_interface.interface DEBUG    interface:_parseInput: DEQUEING shortPoll
2026-08-28 04:07:15.718 Command    udi_interface.interface DEBUG    interface:_handleInput: PROCESS shortPoll message {} from Polyglot
2026-08-28 04:08:15.724 MQTT       udi_interface.interface DEBUG    interface:_message: QUEUING incoming message shortPoll
2026-08-28 04:08:15.725 Command    udi_interface.interface DEBUG    interface:_parseInput: DEQUEING shortPoll
2026-08-28 04:08:15.725 Command    udi_interface.interface DEBUG    interface:_handleInput: PROCESS shortPoll message {} from Polyglot
2026-08-28 04:09:15.725 MQTT       udi_interface.interface DEBUG    interface:_message: QUEUING incoming message shortPoll
2026-08-28 04:09:15.725 Command    udi_interface.interface DEBUG    interface:_parseInput: DEQUEING shortPoll
2026-08-28 04:09:15.725 Command    udi_interface.interface DEBUG    interface:_handleInput: PROCESS shortPoll message {} from Polyglot
2026-08-28 04:10:05.873 MQTT       udi_interface.interface DEBUG    interface:_message: QUEUING incoming message longPoll
2026-08-28 04:10:05.873 Command    udi_interface.interface DEBUG    interface:_parseInput: DEQUEING longPoll
2026-08-28 04:10:05.873 Command    udi_interface.interface DEBUG    interface:_handleInput: PROCESS longPoll message {} from Polyglot
2026-08-28 04:10:15.736 MQTT       udi_interface.interface DEBUG    interface:_message: QUEUING incoming message shortPoll
2026-08-28 04:10:15.737 Command    udi_interface.interface DEBUG    interface:_parseInput: DEQUEING shortPoll
2026-08-28 04:10:15.737 Command    udi_interface.interface DEBUG    interface:_handleInput: PROCESS shortPoll message {} from Polyglot
2026-08-28 04:11:15.745 MQTT       udi_interface.interface DEBUG    interface:_message: QUEUING incoming message shortPoll
2026-08-28 04:11:15.746 Command    udi_interface.interface DEBUG    interface:_parseInput: DEQUEING shortPoll
2026-08-28 04:11:15.746 Command    udi_interface.interface DEBUG    interface:_handleInput: PROCESS shortPoll message {} from Polyglot
2026-08-28 04:12:15.750 MQTT       udi_interface.interface DEBUG    interface:_message: QUEUING incoming message shortPoll
2026-08-28 04:12:15.750 Command    udi_interface.interface DEBUG    interface:_parseInput: DEQUEING shortPoll
2026-08-28 04:12:15.750 Command    udi_interface.interface DEBUG    interface:_handleInput: PROCESS shortPoll message {} from Polyglot
2026-08-28 04:13:15.750 MQTT       udi_interface.interface DEBUG    interface:_message: QUEUING incoming message shortPoll
2026-08-28 04:13:15.750 Command    udi_interface.interface DEBUG    interface:_parseInput: DEQUEING shortPoll
2026-08-28 04:13:15.750 Command    udi_interface.interface DEBUG    interface:_handleInput: PROCESS shortPoll message {} from Polyglot
2026-08-28 04:14:15.752 MQTT       udi_interface.interface DEBUG    interface:_message: QUEUING incoming message shortPoll
2026-08-28 04:14:15.753 Command    udi_interface.interface DEBUG    interface:_parseInput: DEQUEING shortPoll
2026-08-28 04:14:15.753 Command    udi_interface.interface DEBUG    interface:_handleInput: PROCESS shortPoll message {} from Polyglot
2026-08-28 04:15:05.875 MQTT       udi_interface.interface DEBUG    interface:_message: QUEUING incoming message longPoll
2026-08-28 04:15:05.875 Command    udi_interface.interface DEBUG    interface:_parseInput: DEQUEING longPoll
2026-08-28 04:15:05.875 Command    udi_interface.interface DEBUG    interface:_handleInput: PROCESS longPoll message {} from Polyglot
2026-08-28 04:15:15.759 MQTT       udi_interface.interface DEBUG    interface:_message: QUEUING incoming message shortPoll
2026-08-28 04:15:15.759 Command    udi_interface.interface DEBUG    interface:_parseInput: DEQUEING shortPoll
2026-08-28 04:15:15.759 Command    udi_interface.interface DEBUG    interface:_handleInput: PROCESS shortPoll message {} from Polyglot
2026-08-28 04:16:15.766 MQTT       udi_interface.interface DEBUG    interface:_message: QUEUING incoming message shortPoll
2026-08-28 04:16:15.766 Command    udi_interface.interface DEBUG    interface:_parseInput: DEQUEING shortPoll
2026-08-28 04:16:15.766 Command    udi_interface.interface DEBUG    interface:_handleInput: PROCESS shortPoll message {} from Polyglot
2026-08-28 04:17:15.767 MQTT       udi_interface.interface DEBUG    interface:_message: QUEUING incoming message shortPoll
2026-08-28 04:17:15.767 Command    udi_interface.interface DEBUG    interface:_parseInput: DEQUEING shortPoll
2026-08-28 04:17:15.767 Command    udi_interface.interface DEBUG    interface:_handleInput: PROCESS shortPoll message {} from Polyglot
2026-08-28 04:18:15.768 MQTT       udi_interface.interface DEBUG    interface:_message: QUEUING incoming message shortPoll
2026-08-28 04:18:15.769 Command    udi_interface.interface DEBUG    interface:_parseInput: DEQUEING shortPoll
2026-08-28 04:18:15.769 Command    udi_interface.interface DEBUG    interface:_handleInput: PROCESS shortPoll message {} from Polyglot
2026-08-28 04:19:15.769 MQTT       udi_interface.interface DEBUG    interface:_message: QUEUING incoming message shortPoll
2026-08-28 04:19:15.769 Command    udi_interface.interface DEBUG    interface:_parseInput: DEQUEING shortPoll
2026-08-28 04:19:15.769 Command    udi_interface.interface DEBUG    interface:_handleInput: PROCESS shortPoll message {} from Polyglot
2026-08-28 04:20:05.877 MQTT       udi_interface.interface DEBUG    interface:_message: QUEUING incoming message longPoll
2026-08-28 04:20:05.877 Command    udi_interface.interface DEBUG    interface:_parseInput: DEQUEING longPoll
2026-08-28 04:20:05.877 Command    udi_interface.interface DEBUG    interface:_handleInput: PROCESS longPoll message {} from Polyglot
2026-08-28 04:20:15.776 MQTT       udi_interface.interface DEBUG    interface:_message: QUEUING incoming message shortPoll
2026-08-28 04:20:15.777 Command    udi_interface.interface DEBUG    interface:_parseInput: DEQUEING shortPoll
2026-08-28 04:20:15.777 Command    udi_interface.interface DEBUG    interface:_handleInput: PROCESS shortPoll message {} from Polyglot
2026-08-28 04:21:15.780 MQTT       udi_interface.interface DEBUG    interface:_message: QUEUING incoming message shortPoll
2026-08-28 04:21:15.780 Command    udi_interface.interface DEBUG    interface:_parseInput: DEQUEING shortPoll
2026-08-28 04:21:15.780 Command    udi_interface.interface DEBUG    interface:_handleInput: PROCESS shortPoll message {} from Polyglot
2026-08-28 04:22:15.785 MQTT       udi_interface.interface DEBUG    interface:_message: QUEUING incoming message shortPoll
2026-08-28 04:22:15.785 Command    udi_interface.interface DEBUG    interface:_parseInput: DEQUEING shortPoll
2026-08-28 04:22:15.785 Command    udi_interface.interface DEBUG    interface:_handleInput: PROCESS shortPoll message {} from Polyglot
2026-08-28 04:23:15.796 MQTT       udi_interface.interface DEBUG    interface:_message: QUEUING incoming message shortPoll
2026-08-28 04:23:15.797 Command    udi_interface.interface DEBUG    interface:_parseInput: DEQUEING shortPoll
2026-08-28 04:23:15.797 Command    udi_interface.interface DEBUG    interface:_handleInput: PROCESS shortPoll message {} from Polyglot
2026-08-28 04:24:15.799 MQTT       udi_interface.interface DEBUG    interface:_message: QUEUING incoming message shortPoll
2026-08-28 04:24:15.800 Command    udi_interface.interface DEBUG    interface:_parseInput: DEQUEING shortPoll
2026-08-28 04:24:15.800 Command    udi_interface.interface DEBUG    interface:_handleInput: PROCESS shortPoll message {} from Polyglot
2026-08-28 04:25:05.880 MQTT       udi_interface.interface DEBUG    interface:_message: QUEUING incoming message longPoll
2026-08-28 04:25:05.880 Command    udi_interface.interface DEBUG    interface:_parseInput: DEQUEING longPoll
2026-08-28 04:25:05.880 Command    udi_interface.interface DEBUG    interface:_handleInput: PROCESS longPoll message {} from Polyglot
2026-08-28 04:25:15.803 MQTT       udi_interface.interface DEBUG    interface:_message: QUEUING incoming message shortPoll
2026-08-28 04:25:15.803 Command    udi_interface.interface DEBUG    interface:_parseInput: DEQUEING shortPoll
2026-08-28 04:25:15.803 Command    udi_interface.interface DEBUG    interface:_handleInput: PROCESS shortPoll message {} from Polyglot
2026-08-28 04:26:15.804 MQTT       udi_interface.interface DEBUG    interface:_message: QUEUING incoming message shortPoll
2026-08-28 04:26:15.804 Command    udi_interface.interface DEBUG    interface:_parseInput: DEQUEING shortPoll
2026-08-28 04:26:15.805 Command    udi_interface.interface DEBUG    interface:_handleInput: PROCESS shortPoll message {} from Polyglot
2026-08-28 04:27:15.806 MQTT       udi_interface.interface DEBUG    interface:_message: QUEUING incoming message shortPoll
2026-08-28 04:27:15.807 Command    udi_interface.interface DEBUG    interface:_parseInput: DEQUEING shortPoll
2026-08-28 04:27:15.807 Command    udi_interface.interface DEBUG    interface:_handleInput: PROCESS shortPoll message {} from Polyglot
2026-08-28 04:28:15.807 MQTT       udi_interface.interface DEBUG    interface:_message: QUEUING incoming message shortPoll
2026-08-28 04:28:15.807 Command    udi_interface.interface DEBUG    interface:_parseInput: DEQUEING shortPoll
2026-08-28 04:28:15.807 Command    udi_interface.interface DEBUG    interface:_handleInput: PROCESS shortPoll message {} from Polyglot
2026-08-28 04:29:15.810 MQTT       udi_interface.interface DEBUG    interface:_message: QUEUING incoming message shortPoll
2026-08-28 04:29:15.810 Command    udi_interface.interface DEBUG    interface:_parseInput: DEQUEING shortPoll
2026-08-28 04:29:15.811 Command    udi_interface.interface DEBUG    interface:_handleInput: PROCESS shortPoll message {} from Polyglot
2026-08-28 04:30:05.884 MQTT       udi_interface.interface DEBUG    interface:_message: QUEUING incoming message longPoll
2026-08-28 04:30:05.884 Command    udi_interface.interface DEBUG    interface:_parseInput: DEQUEING longPoll
2026-08-28 04:30:05.884 Command    udi_interface.interface DEBUG    interface:_handleInput: PROCESS longPoll message {} from Polyglot
2026-08-28 04:30:15.815 MQTT       udi_interface.interface DEBUG    interface:_message: QUEUING incoming message shortPoll
2026-08-28 04:30:15.815 Command    udi_interface.interface DEBUG    interface:_parseInput: DEQUEING shortPoll
2026-08-28 04:30:15.815 Command    udi_interface.interface DEBUG    interface:_handleInput: PROCESS shortPoll message {} from Polyglot
2026-08-28 04:31:15.819 MQTT       udi_interface.interface DEBUG    interface:_message: QUEUING incoming message shortPoll
2026-08-28 04:31:15.819 Command    udi_interface.interface DEBUG    interface:_parseInput: DEQUEING shortPoll
2026-08-28 04:31:15.819 Command    udi_interface.interface DEBUG    interface:_handleInput: PROCESS shortPoll message {} from Polyglot
2026-08-28 04:32:15.827 MQTT       udi_interface.interface DEBUG    interface:_message: QUEUING incoming message shortPoll
2026-08-28 04:32:15.827 Command    udi_interface.interface DEBUG    interface:_parseInput: DEQUEING shortPoll
2026-08-28 04:32:15.827 Command    udi_interface.interface DEBUG    interface:_handleInput: PROCESS shortPoll message {} from Polyglot
2026-08-28 04:33:15.834 MQTT       udi_interface.interface DEBUG    interface:_message: QUEUING incoming message shortPoll
2026-08-28 04:33:15.835 Command    udi_interface.interface DEBUG    interface:_parseInput: DEQUEING shortPoll
2026-08-28 04:33:15.835 Command    udi_interface.interface DEBUG    interface:_handleInput: PROCESS shortPoll message {} from Polyglot
2026-08-28 04:34:15.842 MQTT       udi_interface.interface DEBUG    interface:_message: QUEUING incoming message shortPoll
2026-08-28 04:34:15.842 Command    udi_interface.interface DEBUG    interface:_parseInput: DEQUEING shortPoll
2026-08-28 04:34:15.842 Command    udi_interface.interface DEBUG    interface:_handleInput: PROCESS shortPoll message {} from Polyglot
2026-08-28 04:35:05.887 MQTT       udi_interface.interface DEBUG    interface:_message: QUEUING incoming message longPoll
2026-08-28 04:35:05.888 Command    udi_interface.interface DEBUG    interface:_parseInput: DEQUEING longPoll
2026-08-28 04:35:05.888 Command    udi_interface.interface DEBUG    interface:_handleInput: PROCESS longPoll message {} from Polyglot
2026-08-28 04:35:15.849 MQTT       udi_interface.interface DEBUG    interface:_message: QUEUING incoming message shortPoll
2026-08-28 04:35:15.849 Command    udi_interface.interface DEBUG    interface:_parseInput: DEQUEING shortPoll
2026-08-28 04:35:15.849 Command    udi_interface.interface DEBUG    interface:_handleInput: PROCESS shortPoll message {} from Polyglot
2026-08-28 04:36:15.854 MQTT       udi_interface.interface DEBUG    interface:_message: QUEUING incoming message shortPoll
2026-08-28 04:36:15.854 Command    udi_interface.interface DEBUG    interface:_parseInput: DEQUEING shortPoll
2026-08-28 04:36:15.855 Command    udi_interface.interface DEBUG    interface:_handleInput: PROCESS shortPoll message {} from Polyglot
2026-08-28 04:37:15.865 MQTT       udi_interface.interface DEBUG    interface:_message: QUEUING incoming message shortPoll
2026-08-28 04:37:15.865 Command    udi_interface.interface DEBUG    interface:_parseInput: DEQUEING shortPoll
2026-08-28 04:37:15.865 Command    udi_interface.interface DEBUG    interface:_handleInput: PROCESS shortPoll message {} from Polyglot
2026-08-28 04:38:15.873 MQTT       udi_interface.interface DEBUG    interface:_message: QUEUING incoming message shortPoll
2026-08-28 04:38:15.873 Command    udi_interface.interface DEBUG    interface:_parseInput: DEQUEING shortPoll
2026-08-28 04:38:15.873 Command    udi_interface.interface DEBUG    interface:_handleInput: PROCESS shortPoll message {} from Polyglot
2026-08-28 04:39:15.878 MQTT       udi_interface.interface DEBUG    interface:_message: QUEUING incoming message shortPoll
2026-08-28 04:39:15.879 Command    udi_interface.interface DEBUG    interface:_parseInput: DEQUEING shortPoll
2026-08-28 04:39:15.879 Command    udi_interface.interface DEBUG    interface:_handleInput: PROCESS shortPoll message {} from Polyglot
2026-08-28 04:40:05.893 MQTT       udi_interface.interface DEBUG    interface:_message: QUEUING incoming message longPoll
2026-08-28 04:40:05.893 Command    udi_interface.interface DEBUG    interface:_parseInput: DEQUEING longPoll
2026-08-28 04:40:05.893 Command    udi_interface.interface DEBUG    interface:_handleInput: PROCESS longPoll message {} from Polyglot
2026-08-28 04:40:15.889 MQTT       udi_interface.interface DEBUG    interface:_message: QUEUING incoming message shortPoll
2026-08-28 04:40:15.889 Command    udi_interface.interface DEBUG    interface:_parseInput: DEQUEING shortPoll
2026-08-28 04:40:15.889 Command    udi_interface.interface DEBUG    interface:_handleInput: PROCESS shortPoll message {} from Polyglot
2026-08-28 04:41:15.893 MQTT       udi_interface.interface DEBUG    interface:_message: QUEUING incoming message shortPoll
2026-08-28 04:41:15.893 Command    udi_interface.interface DEBUG    interface:_parseInput: DEQUEING shortPoll
2026-08-28 04:41:15.893 Command    udi_interface.interface DEBUG    interface:_handleInput: PROCESS shortPoll message {} from Polyglot
2026-08-28 04:42:15.898 MQTT       udi_interface.interface DEBUG    interface:_message: QUEUING incoming message shortPoll
2026-08-28 04:42:15.898 Command    udi_interface.interface DEBUG    interface:_parseInput: DEQUEING shortPoll
2026-08-28 04:42:15.898 Command    udi_interface.interface DEBUG    interface:_handleInput: PROCESS shortPoll message {} from Polyglot
2026-08-28 04:43:15.901 MQTT       udi_interface.interface DEBUG    interface:_message: QUEUING incoming message shortPoll
2026-08-28 04:43:15.901 Command    udi_interface.interface DEBUG    interface:_parseInput: DEQUEING shortPoll
2026-08-28 04:43:15.901 Command    udi_interface.interface DEBUG    interface:_handleInput: PROCESS shortPoll message {} from Polyglot
2026-08-28 04:44:15.905 MQTT       udi_interface.interface DEBUG    interface:_message: QUEUING incoming message shortPoll
2026-08-28 04:44:15.905 Command    udi_interface.interface DEBUG    interface:_parseInput: DEQUEING shortPoll
2026-08-28 04:44:15.905 Command    udi_interface.interface DEBUG    interface:_handleInput: PROCESS shortPoll message {} from Polyglot
2026-08-28 04:45:05.894 MQTT       udi_interface.interface DEBUG    interface:_message: QUEUING incoming message longPoll
2026-08-28 04:45:05.895 Command    udi_interface.interface DEBUG    interface:_parseInput: DEQUEING longPoll
2026-08-28 04:45:05.895 Command    udi_interface.interface DEBUG    interface:_handleInput: PROCESS longPoll message {} from Polyglot
2026-08-28 04:45:15.911 MQTT       udi_interface.interface DEBUG    interface:_message: QUEUING incoming message shortPoll
2026-08-28 04:45:15.912 Command    udi_interface.interface DEBUG    interface:_parseInput: DEQUEING shortPoll
2026-08-28 04:45:15.912 Command    udi_interface.interface DEBUG    interface:_handleInput: PROCESS shortPoll message {} from Polyglot
2026-08-28 04:46:15.916 MQTT       udi_interface.interface DEBUG    interface:_message: QUEUING incoming message shortPoll
2026-08-28 04:46:15.916 Command    udi_interface.interface DEBUG    interface:_parseInput: DEQUEING shortPoll
2026-08-28 04:46:15.916 Command    udi_interface.interface DEBUG    interface:_handleInput: PROCESS shortPoll message {} from Polyglot
2026-08-28 04:47:15.917 MQTT       udi_interface.interface DEBUG    interface:_message: QUEUING incoming message shortPoll
2026-08-28 04:47:15.917 Command    udi_interface.interface DEBUG    interface:_parseInput: DEQUEING shortPoll
2026-08-28 04:47:15.918 Command    udi_interface.interface DEBUG    interface:_handleInput: PROCESS shortPoll message {} from Polyglot
2026-08-28 04:48:15.921 MQTT       udi_interface.interface DEBUG    interface:_message: QUEUING incoming message shortPoll
2026-08-28 04:48:15.922 Command    udi_interface.interface DEBUG    interface:_parseInput: DEQUEING shortPoll
2026-08-28 04:48:15.922 Command    udi_interface.interface DEBUG    interface:_handleInput: PROCESS shortPoll message {} from Polyglot
2026-08-28 04:49:15.925 MQTT       udi_interface.interface DEBUG    interface:_message: QUEUING incoming message shortPoll
2026-08-28 04:49:15.925 Command    udi_interface.interface DEBUG    interface:_parseInput: DEQUEING shortPoll
2026-08-28 04:49:15.926 Command    udi_interface.interface DEBUG    interface:_handleInput: PROCESS shortPoll message {} from Polyglot
2026-08-28 04:50:05.905 MQTT       udi_interface.interface DEBUG    interface:_message: QUEUING incoming message longPoll
2026-08-28 04:50:05.905 Command    udi_interface.interface DEBUG    interface:_parseInput: DEQUEING longPoll
2026-08-28 04:50:05.905 Command    udi_interface.interface DEBUG    interface:_handleInput: PROCESS longPoll message {} from Polyglot
2026-08-28 04:50:15.934 MQTT       udi_interface.interface DEBUG    interface:_message: QUEUING incoming message shortPoll
2026-08-28 04:50:15.934 Command    udi_interface.interface DEBUG    interface:_parseInput: DEQUEING shortPoll
2026-08-28 04:50:15.934 Command    udi_interface.interface DEBUG    interface:_handleInput: PROCESS shortPoll message {} from Polyglot
2026-08-28 04:51:15.938 MQTT       udi_interface.interface DEBUG    interface:_message: QUEUING incoming message shortPoll
2026-08-28 04:51:15.938 Command    udi_interface.interface DEBUG    interface:_parseInput: DEQUEING shortPoll
2026-08-28 04:51:15.938 Command    udi_interface.interface DEBUG    interface:_handleInput: PROCESS shortPoll message {} from Polyglot
2026-08-28 04:52:15.940 MQTT       udi_interface.interface DEBUG    interface:_message: QUEUING incoming message shortPoll
2026-08-28 04:52:15.940 Command    udi_interface.interface DEBUG    interface:_parseInput: DEQUEING shortPoll
2026-08-28 04:52:15.940 Command    udi_interface.interface DEBUG    interface:_handleInput: PROCESS shortPoll message {} from Polyglot
2026-08-28 04:53:15.943 MQTT       udi_interface.interface DEBUG    interface:_message: QUEUING incoming message shortPoll
2026-08-28 04:53:15.943 Command    udi_interface.interface DEBUG    interface:_parseInput: DEQUEING shortPoll
2026-08-28 04:53:15.943 Command    udi_interface.interface DEBUG    interface:_handleInput: PROCESS shortPoll message {} from Polyglot
2026-08-28 04:54:15.944 MQTT       udi_interface.interface DEBUG    interface:_message: QUEUING incoming message shortPoll
2026-08-28 04:54:15.944 Command    udi_interface.interface DEBUG    interface:_parseInput: DEQUEING shortPoll
2026-08-28 04:54:15.945 Command    udi_interface.interface DEBUG    interface:_handleInput: PROCESS shortPoll message {} from Polyglot
2026-08-28 04:55:05.908 MQTT       udi_interface.interface DEBUG    interface:_message: QUEUING incoming message longPoll
2026-08-28 04:55:05.909 Command    udi_interface.interface DEBUG    interface:_parseInput: DEQUEING longPoll
2026-08-28 04:55:05.909 Command    udi_interface.interface DEBUG    interface:_handleInput: PROCESS longPoll message {} from Polyglot
2026-08-28 04:55:15.980 MQTT       udi_interface.interface DEBUG    interface:_message: QUEUING incoming message shortPoll
2026-08-28 04:55:15.980 Command    udi_interface.interface DEBUG    interface:_parseInput: DEQUEING shortPoll
2026-08-28 04:55:15.980 Command    udi_interface.interface DEBUG    interface:_handleInput: PROCESS shortPoll message {} from Polyglot
2026-08-28 04:56:15.949 MQTT       udi_interface.interface DEBUG    interface:_message: QUEUING incoming message shortPoll
2026-08-28 04:56:15.949 Command    udi_interface.interface DEBUG    interface:_parseInput: DEQUEING shortPoll
2026-08-28 04:56:15.949 Command    udi_interface.interface DEBUG    interface:_handleInput: PROCESS shortPoll message {} from Polyglot
2026-08-28 04:57:15.952 MQTT       udi_interface.interface DEBUG    interface:_message: QUEUING incoming message shortPoll
2026-08-28 04:57:15.952 Command    udi_interface.interface DEBUG    interface:_parseInput: DEQUEING shortPoll
2026-08-28 04:57:15.952 Command    udi_interface.interface DEBUG    interface:_handleInput: PROCESS shortPoll message {} from Polyglot
2026-08-28 04:58:15.954 MQTT       udi_interface.interface DEBUG    interface:_message: QUEUING incoming message shortPoll
2026-08-28 04:58:15.954 Command    udi_interface.interface DEBUG    interface:_parseInput: DEQUEING shortPoll
2026-08-28 04:58:15.954 Command    udi_interface.interface DEBUG    interface:_handleInput: PROCESS shortPoll message {} from Polyglot
2026-08-28 04:59:15.957 MQTT       udi_interface.interface DEBUG    interface:_message: QUEUING incoming message shortPoll
2026-08-28 04:59:15.957 Command    udi_interface.interface DEBUG    interface:_parseInput: DEQUEING shortPoll
2026-08-28 04:59:15.957 Command    udi_interface.interface DEBUG    interface:_handleInput: PROCESS shortPoll message {} from Polyglot
2026-08-28 05:00:05.911 MQTT       udi_interface.interface DEBUG    interface:_message: QUEUING incoming message longPoll
2026-08-28 05:00:05.911 Command    udi_interface.interface DEBUG    interface:_parseInput: DEQUEING longPoll
2026-08-28 05:00:05.911 Command    udi_interface.interface DEBUG    interface:_handleInput: PROCESS longPoll message {} from Polyglot
2026-08-28 05:00:15.992 MQTT       udi_interface.interface DEBUG    interface:_message: QUEUING incoming message shortPoll
2026-08-28 05:00:15.992 Command    udi_interface.interface DEBUG    interface:_parseInput: DEQUEING shortPoll
2026-08-28 05:00:15.992 Command    udi_interface.interface DEBUG    interface:_handleInput: PROCESS shortPoll message {} from Polyglot
2026-08-28 05:01:15.972 MQTT       udi_interface.interface DEBUG    interface:_message: QUEUING incoming message shortPoll
2026-08-28 05:01:15.972 Command    udi_interface.interface DEBUG    interface:_parseInput: DEQUEING shortPoll
2026-08-28 05:01:15.972 Command    udi_interface.interface DEBUG    interface:_handleInput: PROCESS shortPoll message {} from Polyglot
2026-08-28 05:02:15.979 MQTT       udi_interface.interface DEBUG    interface:_message: QUEUING incoming message shortPoll
2026-08-28 05:02:15.979 Command    udi_interface.interface DEBUG    interface:_parseInput: DEQUEING shortPoll
2026-08-28 05:02:15.979 Command    udi_interface.interface DEBUG    interface:_handleInput: PROCESS shortPoll message {} from Polyglot
2026-08-28 05:03:15.989 MQTT       udi_interface.interface DEBUG    interface:_message: QUEUING incoming message shortPoll
2026-08-28 05:03:15.989 Command    udi_interface.interface DEBUG    interface:_parseInput: DEQUEING shortPoll
2026-08-28 05:03:15.990 Command    udi_interface.interface DEBUG    interface:_handleInput: PROCESS shortPoll message {} from Polyglot
2026-08-28 05:04:15.992 MQTT       udi_interface.interface DEBUG    interface:_message: QUEUING incoming message shortPoll
2026-08-28 05:04:15.992 Command    udi_interface.interface DEBUG    interface:_parseInput: DEQUEING shortPoll
2026-08-28 05:04:15.993 Command    udi_interface.interface DEBUG    interface:_handleInput: PROCESS shortPoll message {} from Polyglot
2026-08-28 05:05:05.917 MQTT       udi_interface.interface DEBUG    interface:_message: QUEUING incoming message longPoll
2026-08-28 05:05:05.917 Command    udi_interface.interface DEBUG    interface:_parseInput: DEQUEING longPoll
2026-08-28 05:05:05.917 Command    udi_interface.interface DEBUG    interface:_handleInput: PROCESS longPoll message {} from Polyglot
2026-08-28 05:05:15.996 MQTT       udi_interface.interface DEBUG    interface:_message: QUEUING incoming message shortPoll
2026-08-28 05:05:15.996 Command    udi_interface.interface DEBUG    interface:_parseInput: DEQUEING shortPoll
2026-08-28 05:05:15.996 Command    udi_interface.interface DEBUG    interface:_handleInput: PROCESS shortPoll message {} from Polyglot
2026-08-28 05:06:16.004 MQTT       udi_interface.interface DEBUG    interface:_message: QUEUING incoming message shortPoll
2026-08-28 05:06:16.004 Command    udi_interface.interface DEBUG    interface:_parseInput: DEQUEING shortPoll
2026-08-28 05:06:16.005 Command    udi_interface.interface DEBUG    interface:_handleInput: PROCESS shortPoll message {} from Polyglot
2026-08-28 05:07:16.011 MQTT       udi_interface.interface DEBUG    interface:_message: QUEUING incoming message shortPoll
2026-08-28 05:07:16.011 Command    udi_interface.interface DEBUG    interface:_parseInput: DEQUEING shortPoll
2026-08-28 05:07:16.011 Command    udi_interface.interface DEBUG    interface:_handleInput: PROCESS shortPoll message {} from Polyglot
2026-08-28 05:08:16.016 MQTT       udi_interface.interface DEBUG    interface:_message: QUEUING incoming message shortPoll
2026-08-28 05:08:16.016 Command    udi_interface.interface DEBUG    interface:_parseInput: DEQUEING shortPoll
2026-08-28 05:08:16.016 Command    udi_interface.interface DEBUG    interface:_handleInput: PROCESS shortPoll message {} from Polyglot
2026-08-28 05:09:16.027 MQTT       udi_interface.interface DEBUG    interface:_message: QUEUING incoming message shortPoll
2026-08-28 05:09:16.027 Command    udi_interface.interface DEBUG    interface:_parseInput: DEQUEING shortPoll
2026-08-28 05:09:16.027 Command    udi_interface.interface DEBUG    interface:_handleInput: PROCESS shortPoll message {} from Polyglot
2026-08-28 05:10:05.928 MQTT       udi_interface.interface DEBUG    interface:_message: QUEUING incoming message longPoll
2026-08-28 05:10:05.928 Command    udi_interface.interface DEBUG    interface:_parseInput: DEQUEING longPoll
2026-08-28 05:10:05.928 Command    udi_interface.interface DEBUG    interface:_handleInput: PROCESS longPoll message {} from Polyglot
2026-08-28 05:10:16.035 MQTT       udi_interface.interface DEBUG    interface:_message: QUEUING incoming message shortPoll
2026-08-28 05:10:16.036 Command    udi_interface.interface DEBUG    interface:_parseInput: DEQUEING shortPoll
2026-08-28 05:10:16.036 Command    udi_interface.interface DEBUG    interface:_handleInput: PROCESS shortPoll message {} from Polyglot
2026-08-28 05:11:16.044 MQTT       udi_interface.interface DEBUG    interface:_message: QUEUING incoming message shortPoll
2026-08-28 05:11:16.044 Command    udi_interface.interface DEBUG    interface:_parseInput: DEQUEING shortPoll
2026-08-28 05:11:16.044 Command    udi_interface.interface DEBUG    interface:_handleInput: PROCESS shortPoll message {} from Polyglot
2026-08-28 05:12:16.045 MQTT       udi_interface.interface DEBUG    interface:_message: QUEUING incoming message shortPoll
2026-08-28 05:12:16.045 Command    udi_interface.interface DEBUG    interface:_parseInput: DEQUEING shortPoll
2026-08-28 05:12:16.045 Command    udi_interface.interface DEBUG    interface:_handleInput: PROCESS shortPoll message {} from Polyglot
2026-08-28 05:13:16.049 MQTT       udi_interface.interface DEBUG    interface:_message: QUEUING incoming message shortPoll
2026-08-28 05:13:16.049 Command    udi_interface.interface DEBUG    interface:_parseInput: DEQUEING shortPoll
2026-08-28 05:13:16.050 Command    udi_interface.interface DEBUG    interface:_handleInput: PROCESS shortPoll message {} from Polyglot
2026-08-28 05:14:16.050 MQTT       udi_interface.interface DEBUG    interface:_message: QUEUING incoming message shortPoll
2026-08-28 05:14:16.050 Command    udi_interface.interface DEBUG    interface:_parseInput: DEQUEING shortPoll
2026-08-28 05:14:16.050 Command    udi_interface.interface DEBUG    interface:_handleInput: PROCESS shortPoll message {} from Polyglot
2026-08-28 05:15:05.932 MQTT       udi_interface.interface DEBUG    interface:_message: QUEUING incoming message longPoll
2026-08-28 05:15:05.933 Command    udi_interface.interface DEBUG    interface:_parseInput: DEQUEING longPoll
2026-08-28 05:15:05.933 Command    udi_interface.interface DEBUG    interface:_handleInput: PROCESS longPoll message {} from Polyglot
2026-08-28 05:15:16.054 MQTT       udi_interface.interface DEBUG    interface:_message: QUEUING incoming message shortPoll
2026-08-28 05:15:16.054 Command    udi_interface.interface DEBUG    interface:_parseInput: DEQUEING shortPoll
2026-08-28 05:15:16.054 Command    udi_interface.interface DEBUG    interface:_handleInput: PROCESS shortPoll message {} from Polyglot
2026-08-28 05:16:16.059 MQTT       udi_interface.interface DEBUG    interface:_message: QUEUING incoming message shortPoll
2026-08-28 05:16:16.059 Command    udi_interface.interface DEBUG    interface:_parseInput: DEQUEING shortPoll
2026-08-28 05:16:16.059 Command    udi_interface.interface DEBUG    interface:_handleInput: PROCESS shortPoll message {} from Polyglot
2026-08-28 05:17:16.059 MQTT       udi_interface.interface DEBUG    interface:_message: QUEUING incoming message shortPoll
2026-08-28 05:17:16.059 Command    udi_interface.interface DEBUG    interface:_parseInput: DEQUEING shortPoll
2026-08-28 05:17:16.060 Command    udi_interface.interface DEBUG    interface:_handleInput: PROCESS shortPoll message {} from Polyglot
2026-08-28 05:18:16.066 MQTT       udi_interface.interface DEBUG    interface:_message: QUEUING incoming message shortPoll
2026-08-28 05:18:16.066 Command    udi_interface.interface DEBUG    interface:_parseInput: DEQUEING shortPoll
2026-08-28 05:18:16.066 Command    udi_interface.interface DEBUG    interface:_handleInput: PROCESS shortPoll message {} from Polyglot
2026-08-28 05:19:16.070 MQTT       udi_interface.interface DEBUG    interface:_message: QUEUING incoming message shortPoll
2026-08-28 05:19:16.071 Command    udi_interface.interface DEBUG    interface:_parseInput: DEQUEING shortPoll
2026-08-28 05:19:16.071 Command    udi_interface.interface DEBUG    interface:_handleInput: PROCESS shortPoll message {} from Polyglot
2026-08-28 05:20:05.943 MQTT       udi_interface.interface DEBUG    interface:_message: QUEUING incoming message longPoll
2026-08-28 05:20:05.943 Command    udi_interface.interface DEBUG    interface:_parseInput: DEQUEING longPoll
2026-08-28 05:20:05.943 Command    udi_interface.interface DEBUG    interface:_handleInput: PROCESS longPoll message {} from Polyglot
2026-08-28 05:20:16.073 MQTT       udi_interface.interface DEBUG    interface:_message: QUEUING incoming message shortPoll
2026-08-28 05:20:16.073 Command    udi_interface.interface DEBUG    interface:_parseInput: DEQUEING shortPoll
2026-08-28 05:20:16.073 Command    udi_interface.interface DEBUG    interface:_handleInput: PROCESS shortPoll message {} from Polyglot
2026-08-28 05:21:16.079 MQTT       udi_interface.interface DEBUG    interface:_message: QUEUING incoming message shortPoll
2026-08-28 05:21:16.079 Command    udi_interface.interface DEBUG    interface:_parseInput: DEQUEING shortPoll
2026-08-28 05:21:16.079 Command    udi_interface.interface DEBUG    interface:_handleInput: PROCESS shortPoll message {} from Polyglot
2026-08-28 05:22:16.085 MQTT       udi_interface.interface DEBUG    interface:_message: QUEUING incoming message shortPoll
2026-08-28 05:22:16.086 Command    udi_interface.interface DEBUG    interface:_parseInput: DEQUEING shortPoll
2026-08-28 05:22:16.086 Command    udi_interface.interface DEBUG    interface:_handleInput: PROCESS shortPoll message {} from Polyglot
2026-08-28 05:23:16.091 MQTT       udi_interface.interface DEBUG    interface:_message: QUEUING incoming message shortPoll
2026-08-28 05:23:16.091 Command    udi_interface.interface DEBUG    interface:_parseInput: DEQUEING shortPoll
2026-08-28 05:23:16.091 Command    udi_interface.interface DEBUG    interface:_handleInput: PROCESS shortPoll message {} from Polyglot
2026-08-28 05:24:16.090 MQTT       udi_interface.interface DEBUG    interface:_message: QUEUING incoming message shortPoll
2026-08-28 05:24:16.090 Command    udi_interface.interface DEBUG    interface:_parseInput: DEQUEING shortPoll
2026-08-28 05:24:16.090 Command    udi_interface.interface DEBUG    interface:_handleInput: PROCESS shortPoll message {} from Polyglot
2026-08-28 05:25:05.944 MQTT       udi_interface.interface DEBUG    interface:_message: QUEUING incoming message longPoll
2026-08-28 05:25:05.944 Command    udi_interface.interface DEBUG    interface:_parseInput: DEQUEING longPoll
2026-08-28 05:25:05.944 Command    udi_interface.interface DEBUG    interface:_handleInput: PROCESS longPoll message {} from Polyglot
2026-08-28 05:25:16.092 MQTT       udi_interface.interface DEBUG    interface:_message: QUEUING incoming message shortPoll
2026-08-28 05:25:16.092 Command    udi_interface.interface DEBUG    interface:_parseInput: DEQUEING shortPoll
2026-08-28 05:25:16.092 Command    udi_interface.interface DEBUG    interface:_handleInput: PROCESS shortPoll message {} from Polyglot
2026-08-28 05:26:16.103 MQTT       udi_interface.interface DEBUG    interface:_message: QUEUING incoming message shortPoll
2026-08-28 05:26:16.103 Command    udi_interface.interface DEBUG    interface:_parseInput: DEQUEING shortPoll
2026-08-28 05:26:16.104 Command    udi_interface.interface DEBUG    interface:_handleInput: PROCESS shortPoll message {} from Polyglot
2026-08-28 05:27:16.107 MQTT       udi_interface.interface DEBUG    interface:_message: QUEUING incoming message shortPoll
2026-08-28 05:27:16.108 Command    udi_interface.interface DEBUG    interface:_parseInput: DEQUEING shortPoll
2026-08-28 05:27:16.108 Command    udi_interface.interface DEBUG    interface:_handleInput: PROCESS shortPoll message {} from Polyglot
2026-08-28 05:28:16.109 MQTT       udi_interface.interface DEBUG    interface:_message: QUEUING incoming message shortPoll
2026-08-28 05:28:16.109 Command    udi_interface.interface DEBUG    interface:_parseInput: DEQUEING shortPoll
2026-08-28 05:28:16.109 Command    udi_interface.interface DEBUG    interface:_handleInput: PROCESS shortPoll message {} from Polyglot
2026-08-28 05:29:16.113 MQTT       udi_interface.interface DEBUG    interface:_message: QUEUING incoming message shortPoll
2026-08-28 05:29:16.114 Command    udi_interface.interface DEBUG    interface:_parseInput: DEQUEING shortPoll
2026-08-28 05:29:16.114 Command    udi_interface.interface DEBUG    interface:_handleInput: PROCESS shortPoll message {} from Polyglot
2026-08-28 05:30:05.945 MQTT       udi_interface.interface DEBUG    interface:_message: QUEUING incoming message longPoll
2026-08-28 05:30:05.945 Command    udi_interface.interface DEBUG    interface:_parseInput: DEQUEING longPoll
2026-08-28 05:30:05.945 Command    udi_interface.interface DEBUG    interface:_handleInput: PROCESS longPoll message {} from Polyglot
2026-08-28 05:30:16.124 MQTT       udi_interface.interface DEBUG    interface:_message: QUEUING incoming message shortPoll
2026-08-28 05:30:16.125 Command    udi_interface.interface DEBUG    interface:_parseInput: DEQUEING shortPoll
2026-08-28 05:30:16.125 Command    udi_interface.interface DEBUG    interface:_handleInput: PROCESS shortPoll message {} from Polyglot
2026-08-28 05:31:16.132 MQTT       udi_interface.interface DEBUG    interface:_message: QUEUING incoming message shortPoll
2026-08-28 05:31:16.132 Command    udi_interface.interface DEBUG    interface:_parseInput: DEQUEING shortPoll
2026-08-28 05:31:16.132 Command    udi_interface.interface DEBUG    interface:_handleInput: PROCESS shortPoll message {} from Polyglot
2026-08-28 05:32:16.137 MQTT       udi_interface.interface DEBUG    interface:_message: QUEUING incoming message shortPoll
2026-08-28 05:32:16.137 Command    udi_interface.interface DEBUG    interface:_parseInput: DEQUEING shortPoll
2026-08-28 05:32:16.137 Command    udi_interface.interface DEBUG    interface:_handleInput: PROCESS shortPoll message {} from Polyglot
2026-08-28 05:33:16.139 MQTT       udi_interface.interface DEBUG    interface:_message: QUEUING incoming message shortPoll
2026-08-28 05:33:16.139 Command    udi_interface.interface DEBUG    interface:_parseInput: DEQUEING shortPoll
2026-08-28 05:33:16.140 Command    udi_interface.interface DEBUG    interface:_handleInput: PROCESS shortPoll message {} from Polyglot
2026-08-28 05:34:16.146 MQTT       udi_interface.interface DEBUG    interface:_message: QUEUING incoming message shortPoll
2026-08-28 05:34:16.146 Command    udi_interface.interface DEBUG    interface:_parseInput: DEQUEING shortPoll
2026-08-28 05:34:16.146 Command    udi_interface.interface DEBUG    interface:_handleInput: PROCESS shortPoll message {} from Polyglot
2026-08-28 05:35:05.949 MQTT       udi_interface.interface DEBUG    interface:_message: QUEUING incoming message longPoll
2026-08-28 05:35:05.949 Command    udi_interface.interface DEBUG    interface:_parseInput: DEQUEING longPoll
2026-08-28 05:35:05.949 Command    udi_interface.interface DEBUG    interface:_handleInput: PROCESS longPoll message {} from Polyglot
2026-08-28 05:35:16.151 MQTT       udi_interface.interface DEBUG    interface:_message: QUEUING incoming message shortPoll
2026-08-28 05:35:16.152 Command    udi_interface.interface DEBUG    interface:_parseInput: DEQUEING shortPoll
2026-08-28 05:35:16.152 Command    udi_interface.interface DEBUG    interface:_handleInput: PROCESS shortPoll message {} from Polyglot
2026-08-28 05:36:16.153 MQTT       udi_interface.interface DEBUG    interface:_message: QUEUING incoming message shortPoll
2026-08-28 05:36:16.153 Command    udi_interface.interface DEBUG    interface:_parseInput: DEQUEING shortPoll
2026-08-28 05:36:16.153 Command    udi_interface.interface DEBUG    interface:_handleInput: PROCESS shortPoll message {} from Polyglot
2026-08-28 05:37:16.153 MQTT       udi_interface.interface DEBUG    interface:_message: QUEUING incoming message shortPoll
2026-08-28 05:37:16.153 Command    udi_interface.interface DEBUG    interface:_parseInput: DEQUEING shortPoll
2026-08-28 05:37:16.153 Command    udi_interface.interface DEBUG    interface:_handleInput: PROCESS shortPoll message {} from Polyglot
2026-08-28 05:38:16.160 MQTT       udi_interface.interface DEBUG    interface:_message: QUEUING incoming message shortPoll
2026-08-28 05:38:16.160 Command    udi_interface.interface DEBUG    interface:_parseInput: DEQUEING shortPoll
2026-08-28 05:38:16.160 Command    udi_interface.interface DEBUG    interface:_handleInput: PROCESS shortPoll message {} from Polyglot
2026-08-28 05:39:16.161 MQTT       udi_interface.interface DEBUG    interface:_message: QUEUING incoming message shortPoll
2026-08-28 05:39:16.161 Command    udi_interface.interface DEBUG    interface:_parseInput: DEQUEING shortPoll
2026-08-28 05:39:16.161 Command    udi_interface.interface DEBUG    interface:_handleInput: PROCESS shortPoll message {} from Polyglot
2026-08-28 05:40:05.959 MQTT       udi_interface.interface DEBUG    interface:_message: QUEUING incoming message longPoll
2026-08-28 05:40:05.959 Command    udi_interface.interface DEBUG    interface:_parseInput: DEQUEING longPoll
2026-08-28 05:40:05.959 Command    udi_interface.interface DEBUG    interface:_handleInput: PROCESS longPoll message {} from Polyglot
2026-08-28 05:40:16.171 MQTT       udi_interface.interface DEBUG    interface:_message: QUEUING incoming message shortPoll
2026-08-28 05:40:16.171 Command    udi_interface.interface DEBUG    interface:_parseInput: DEQUEING shortPoll
2026-08-28 05:40:16.171 Command    udi_interface.interface DEBUG    interface:_handleInput: PROCESS shortPoll message {} from Polyglot
2026-08-28 05:41:16.173 MQTT       udi_interface.interface DEBUG    interface:_message: QUEUING incoming message shortPoll
2026-08-28 05:41:16.174 Command    udi_interface.interface DEBUG    interface:_parseInput: DEQUEING shortPoll
2026-08-28 05:41:16.174 Command    udi_interface.interface DEBUG    interface:_handleInput: PROCESS shortPoll message {} from Polyglot
2026-08-28 05:42:16.173 MQTT       udi_interface.interface DEBUG    interface:_message: QUEUING incoming message shortPoll
2026-08-28 05:42:16.174 Command    udi_interface.interface DEBUG    interface:_parseInput: DEQUEING shortPoll
2026-08-28 05:42:16.174 Command    udi_interface.interface DEBUG    interface:_handleInput: PROCESS shortPoll message {} from Polyglot
2026-08-28 05:43:16.174 MQTT       udi_interface.interface DEBUG    interface:_message: QUEUING incoming message shortPoll
2026-08-28 05:43:16.174 Command    udi_interface.interface DEBUG    interface:_parseInput: DEQUEING shortPoll
2026-08-28 05:43:16.174 Command    udi_interface.interface DEBUG    interface:_handleInput: PROCESS shortPoll message {} from Polyglot
2026-08-28 05:44:16.183 MQTT       udi_interface.interface DEBUG    interface:_message: QUEUING incoming message shortPoll
2026-08-28 05:44:16.183 Command    udi_interface.interface DEBUG    interface:_parseInput: DEQUEING shortPoll
2026-08-28 05:44:16.184 Command    udi_interface.interface DEBUG    interface:_handleInput: PROCESS shortPoll message {} from Polyglot
2026-08-28 05:45:05.967 MQTT       udi_interface.interface DEBUG    interface:_message: QUEUING incoming message longPoll
2026-08-28 05:45:05.967 Command    udi_interface.interface DEBUG    interface:_parseInput: DEQUEING longPoll
2026-08-28 05:45:05.967 Command    udi_interface.interface DEBUG    interface:_handleInput: PROCESS longPoll message {} from Polyglot
2026-08-28 05:45:16.192 MQTT       udi_interface.interface DEBUG    interface:_message: QUEUING incoming message shortPoll
2026-08-28 05:45:16.192 Command    udi_interface.interface DEBUG    interface:_parseInput: DEQUEING shortPoll
2026-08-28 05:45:16.192 Command    udi_interface.interface DEBUG    interface:_handleInput: PROCESS shortPoll message {} from Polyglot
2026-08-28 05:46:16.201 MQTT       udi_interface.interface DEBUG    interface:_message: QUEUING incoming message shortPoll
2026-08-28 05:46:16.201 Command    udi_interface.interface DEBUG    interface:_parseInput: DEQUEING shortPoll
2026-08-28 05:46:16.201 Command    udi_interface.interface DEBUG    interface:_handleInput: PROCESS shortPoll message {} from Polyglot
2026-08-28 05:47:16.203 MQTT       udi_interface.interface DEBUG    interface:_message: QUEUING incoming message shortPoll
2026-08-28 05:47:16.203 Command    udi_interface.interface DEBUG    interface:_parseInput: DEQUEING shortPoll
2026-08-28 05:47:16.204 Command    udi_interface.interface DEBUG    interface:_handleInput: PROCESS shortPoll message {} from Polyglot
2026-08-28 05:48:16.211 MQTT       udi_interface.interface DEBUG    interface:_message: QUEUING incoming message shortPoll
2026-08-28 05:48:16.212 Command    udi_interface.interface DEBUG    interface:_parseInput: DEQUEING shortPoll
2026-08-28 05:48:16.212 Command    udi_interface.interface DEBUG    interface:_handleInput: PROCESS shortPoll message {} from Polyglot
2026-08-28 05:49:16.212 MQTT       udi_interface.interface DEBUG    interface:_message: QUEUING incoming message shortPoll
2026-08-28 05:49:16.212 Command    udi_interface.interface DEBUG    interface:_parseInput: DEQUEING shortPoll
2026-08-28 05:49:16.212 Command    udi_interface.interface DEBUG    interface:_handleInput: PROCESS shortPoll message {} from Polyglot
2026-08-28 05:50:05.970 MQTT       udi_interface.interface DEBUG    interface:_message: QUEUING incoming message longPoll
2026-08-28 05:50:05.971 Command    udi_interface.interface DEBUG    interface:_parseInput: DEQUEING longPoll
2026-08-28 05:50:05.971 Command    udi_interface.interface DEBUG    interface:_handleInput: PROCESS longPoll message {} from Polyglot
2026-08-28 05:50:16.217 MQTT       udi_interface.interface DEBUG    interface:_message: QUEUING incoming message shortPoll
2026-08-28 05:50:16.217 Command    udi_interface.interface DEBUG    interface:_parseInput: DEQUEING shortPoll
2026-08-28 05:50:16.217 Command    udi_interface.interface DEBUG    interface:_handleInput: PROCESS shortPoll message {} from Polyglot
2026-08-28 05:51:16.223 MQTT       udi_interface.interface DEBUG    interface:_message: QUEUING incoming message shortPoll
2026-08-28 05:51:16.224 Command    udi_interface.interface DEBUG    interface:_parseInput: DEQUEING shortPoll
2026-08-28 05:51:16.224 Command    udi_interface.interface DEBUG    interface:_handleInput: PROCESS shortPoll message {} from Polyglot
2026-08-28 05:52:16.233 MQTT       udi_interface.interface DEBUG    interface:_message: QUEUING incoming message shortPoll
2026-08-28 05:52:16.233 Command    udi_interface.interface DEBUG    interface:_parseInput: DEQUEING shortPoll
2026-08-28 05:52:16.233 Command    udi_interface.interface DEBUG    interface:_handleInput: PROCESS shortPoll message {} from Polyglot
2026-08-28 05:53:16.236 MQTT       udi_interface.interface DEBUG    interface:_message: QUEUING incoming message shortPoll
2026-08-28 05:53:16.236 Command    udi_interface.interface DEBUG    interface:_parseInput: DEQUEING shortPoll
2026-08-28 05:53:16.236 Command    udi_interface.interface DEBUG    interface:_handleInput: PROCESS shortPoll message {} from Polyglot
2026-08-28 05:54:16.242 MQTT       udi_interface.interface DEBUG    interface:_message: QUEUING incoming message shortPoll
2026-08-28 05:54:16.243 Command    udi_interface.interface DEBUG    interface:_parseInput: DEQUEING shortPoll
2026-08-28 05:54:16.243 Command    udi_interface.interface DEBUG    interface:_handleInput: PROCESS shortPoll message {} from Polyglot
2026-08-28 05:55:05.972 MQTT       udi_interface.interface DEBUG    interface:_message: QUEUING incoming message longPoll
2026-08-28 05:55:05.972 Command    udi_interface.interface DEBUG    interface:_parseInput: DEQUEING longPoll
2026-08-28 05:55:05.972 Command    udi_interface.interface DEBUG    interface:_handleInput: PROCESS longPoll message {} from Polyglot
2026-08-28 05:55:16.243 MQTT       udi_interface.interface DEBUG    interface:_message: QUEUING incoming message shortPoll
2026-08-28 05:55:16.243 Command    udi_interface.interface DEBUG    interface:_parseInput: DEQUEING shortPoll
2026-08-28 05:55:16.243 Command    udi_interface.interface DEBUG    interface:_handleInput: PROCESS shortPoll message {} from Polyglot
2026-08-28 05:56:16.245 MQTT       udi_interface.interface DEBUG    interface:_message: QUEUING incoming message shortPoll
2026-08-28 05:56:16.245 Command    udi_interface.interface DEBUG    interface:_parseInput: DEQUEING shortPoll
2026-08-28 05:56:16.245 Command    udi_interface.interface DEBUG    interface:_handleInput: PROCESS shortPoll message {} from Polyglot
2026-08-28 05:57:16.253 MQTT       udi_interface.interface DEBUG    interface:_message: QUEUING incoming message shortPoll
2026-08-28 05:57:16.253 Command    udi_interface.interface DEBUG    interface:_parseInput: DEQUEING shortPoll
2026-08-28 05:57:16.253 Command    udi_interface.interface DEBUG    interface:_handleInput: PROCESS shortPoll message {} from Polyglot
2026-08-28 05:58:16.262 MQTT       udi_interface.interface DEBUG    interface:_message: QUEUING incoming message shortPoll
2026-08-28 05:58:16.262 Command    udi_interface.interface DEBUG    interface:_parseInput: DEQUEING shortPoll
2026-08-28 05:58:16.262 Command    udi_interface.interface DEBUG    interface:_handleInput: PROCESS shortPoll message {} from Polyglot
2026-08-28 05:59:16.266 MQTT       udi_interface.interface DEBUG    interface:_message: QUEUING incoming message shortPoll
2026-08-28 05:59:16.266 Command    udi_interface.interface DEBUG    interface:_parseInput: DEQUEING shortPoll
2026-08-28 05:59:16.266 Command    udi_interface.interface DEBUG    interface:_handleInput: PROCESS shortPoll message {} from Polyglot
2026-08-28 06:00:05.975 MQTT       udi_interface.interface DEBUG    interface:_message: QUEUING incoming message longPoll
2026-08-28 06:00:05.976 Command    udi_interface.interface DEBUG    interface:_parseInput: DEQUEING longPoll
2026-08-28 06:00:05.976 Command    udi_interface.interface DEBUG    interface:_handleInput: PROCESS longPoll message {} from Polyglot
2026-08-28 06:00:16.268 MQTT       udi_interface.interface DEBUG    interface:_message: QUEUING incoming message shortPoll
2026-08-28 06:00:16.269 Command    udi_interface.interface DEBUG    interface:_parseInput: DEQUEING shortPoll
2026-08-28 06:00:16.269 Command    udi_interface.interface DEBUG    interface:_handleInput: PROCESS shortPoll message {} from Polyglot
2026-08-28 06:01:16.273 MQTT       udi_interface.interface DEBUG    interface:_message: QUEUING incoming message shortPoll
2026-08-28 06:01:16.273 Command    udi_interface.interface DEBUG    interface:_parseInput: DEQUEING shortPoll
2026-08-28 06:01:16.273 Command    udi_interface.interface DEBUG    interface:_handleInput: PROCESS shortPoll message {} from Polyglot
2026-08-28 06:02:16.282 MQTT       udi_interface.interface DEBUG    interface:_message: QUEUING incoming message shortPoll
2026-08-28 06:02:16.282 Command    udi_interface.interface DEBUG    interface:_parseInput: DEQUEING shortPoll
2026-08-28 06:02:16.282 Command    udi_interface.interface DEBUG    interface:_handleInput: PROCESS shortPoll message {} from Polyglot
2026-08-28 06:03:16.292 MQTT       udi_interface.interface DEBUG    interface:_message: QUEUING incoming message shortPoll
2026-08-28 06:03:16.293 Command    udi_interface.interface DEBUG    interface:_parseInput: DEQUEING shortPoll
2026-08-28 06:03:16.293 Command    udi_interface.interface DEBUG    interface:_handleInput: PROCESS shortPoll message {} from Polyglot
2026-08-28 06:04:16.297 MQTT       udi_interface.interface DEBUG    interface:_message: QUEUING incoming message shortPoll
2026-08-28 06:04:16.297 Command    udi_interface.interface DEBUG    interface:_parseInput: DEQUEING shortPoll
2026-08-28 06:04:16.297 Command    udi_interface.interface DEBUG    interface:_handleInput: PROCESS shortPoll message {} from Polyglot
2026-08-28 06:05:05.983 MQTT       udi_interface.interface DEBUG    interface:_message: QUEUING incoming message longPoll
2026-08-28 06:05:05.983 Command    udi_interface.interface DEBUG    interface:_parseInput: DEQUEING longPoll
2026-08-28 06:05:05.983 Command    udi_interface.interface DEBUG    interface:_handleInput: PROCESS longPoll message {} from Polyglot
2026-08-28 06:05:16.306 MQTT       udi_interface.interface DEBUG    interface:_message: QUEUING incoming message shortPoll
2026-08-28 06:05:16.306 Command    udi_interface.interface DEBUG    interface:_parseInput: DEQUEING shortPoll
2026-08-28 06:05:16.306 Command    udi_interface.interface DEBUG    interface:_handleInput: PROCESS shortPoll message {} from Polyglot
2026-08-28 06:06:16.308 MQTT       udi_interface.interface DEBUG    interface:_message: QUEUING incoming message shortPoll
2026-08-28 06:06:16.308 Command    udi_interface.interface DEBUG    interface:_parseInput: DEQUEING shortPoll
2026-08-28 06:06:16.308 Command    udi_interface.interface DEBUG    interface:_handleInput: PROCESS shortPoll message {} from Polyglot
2026-08-28 06:07:16.308 MQTT       udi_interface.interface DEBUG    interface:_message: QUEUING incoming message shortPoll
2026-08-28 06:07:16.309 Command    udi_interface.interface DEBUG    interface:_parseInput: DEQUEING shortPoll
2026-08-28 06:07:16.309 Command    udi_interface.interface DEBUG    interface:_handleInput: PROCESS shortPoll message {} from Polyglot
2026-08-28 06:08:16.309 MQTT       udi_interface.interface DEBUG    interface:_message: QUEUING incoming message shortPoll
2026-08-28 06:08:16.309 Command    udi_interface.interface DEBUG    interface:_parseInput: DEQUEING shortPoll
2026-08-28 06:08:16.309 Command    udi_interface.interface DEBUG    interface:_handleInput: PROCESS shortPoll message {} from Polyglot
2026-08-28 06:09:16.311 MQTT       udi_interface.interface DEBUG    interface:_message: QUEUING incoming message shortPoll
2026-08-28 06:09:16.312 Command    udi_interface.interface DEBUG    interface:_parseInput: DEQUEING shortPoll
2026-08-28 06:09:16.312 Command    udi_interface.interface DEBUG    interface:_handleInput: PROCESS shortPoll message {} from Polyglot
2026-08-28 06:10:05.988 MQTT       udi_interface.interface DEBUG    interface:_message: QUEUING incoming message longPoll
2026-08-28 06:10:05.988 Command    udi_interface.interface DEBUG    interface:_parseInput: DEQUEING longPoll
2026-08-28 06:10:05.988 Command    udi_interface.interface DEBUG    interface:_handleInput: PROCESS longPoll message {} from Polyglot
2026-08-28 06:10:16.317 MQTT       udi_interface.interface DEBUG    interface:_message: QUEUING incoming message shortPoll
2026-08-28 06:10:16.317 Command    udi_interface.interface DEBUG    interface:_parseInput: DEQUEING shortPoll
2026-08-28 06:10:16.318 Command    udi_interface.interface DEBUG    interface:_handleInput: PROCESS shortPoll message {} from Polyglot
2026-08-28 06:11:16.317 MQTT       udi_interface.interface DEBUG    interface:_message: QUEUING incoming message shortPoll
2026-08-28 06:11:16.318 Command    udi_interface.interface DEBUG    interface:_parseInput: DEQUEING shortPoll
2026-08-28 06:11:16.318 Command    udi_interface.interface DEBUG    interface:_handleInput: PROCESS shortPoll message {} from Polyglot
2026-08-28 06:12:16.327 MQTT       udi_interface.interface DEBUG    interface:_message: QUEUING incoming message shortPoll
2026-08-28 06:12:16.328 Command    udi_interface.interface DEBUG    interface:_parseInput: DEQUEING shortPoll
2026-08-28 06:12:16.328 Command    udi_interface.interface DEBUG    interface:_handleInput: PROCESS shortPoll message {} from Polyglot
2026-08-28 06:13:16.332 MQTT       udi_interface.interface DEBUG    interface:_message: QUEUING incoming message shortPoll
2026-08-28 06:13:16.333 Command    udi_interface.interface DEBUG    interface:_parseInput: DEQUEING shortPoll
2026-08-28 06:13:16.333 Command    udi_interface.interface DEBUG    interface:_handleInput: PROCESS shortPoll message {} from Polyglot
2026-08-28 06:14:16.340 MQTT       udi_interface.interface DEBUG    interface:_message: QUEUING incoming message shortPoll
2026-08-28 06:14:16.340 Command    udi_interface.interface DEBUG    interface:_parseInput: DEQUEING shortPoll
2026-08-28 06:14:16.340 Command    udi_interface.interface DEBUG    interface:_handleInput: PROCESS shortPoll message {} from Polyglot
2026-08-28 06:15:05.992 MQTT       udi_interface.interface DEBUG    interface:_message: QUEUING incoming message longPoll
2026-08-28 06:15:05.992 Command    udi_interface.interface DEBUG    interface:_parseInput: DEQUEING longPoll
2026-08-28 06:15:05.992 Command    udi_interface.interface DEBUG    interface:_handleInput: PROCESS longPoll message {} from Polyglot
2026-08-28 06:15:16.343 MQTT       udi_interface.interface DEBUG    interface:_message: QUEUING incoming message shortPoll
2026-08-28 06:15:16.343 Command    udi_interface.interface DEBUG    interface:_parseInput: DEQUEING shortPoll
2026-08-28 06:15:16.343 Command    udi_interface.interface DEBUG    interface:_handleInput: PROCESS shortPoll message {} from Polyglot
2026-08-28 06:16:16.343 MQTT       udi_interface.interface DEBUG    interface:_message: QUEUING incoming message shortPoll
2026-08-28 06:16:16.344 Command    udi_interface.interface DEBUG    interface:_parseInput: DEQUEING shortPoll
2026-08-28 06:16:16.344 Command    udi_interface.interface DEBUG    interface:_handleInput: PROCESS shortPoll message {} from Polyglot
2026-08-28 06:17:16.345 MQTT       udi_interface.interface DEBUG    interface:_message: QUEUING incoming message shortPoll
2026-08-28 06:17:16.345 Command    udi_interface.interface DEBUG    interface:_parseInput: DEQUEING shortPoll
2026-08-28 06:17:16.345 Command    udi_interface.interface DEBUG    interface:_handleInput: PROCESS shortPoll message {} from Polyglot
2026-08-28 06:18:16.347 MQTT       udi_interface.interface DEBUG    interface:_message: QUEUING incoming message shortPoll
2026-08-28 06:18:16.348 Command    udi_interface.interface DEBUG    interface:_parseInput: DEQUEING shortPoll
2026-08-28 06:18:16.348 Command    udi_interface.interface DEBUG    interface:_handleInput: PROCESS shortPoll message {} from Polyglot
2026-08-28 06:19:16.349 MQTT       udi_interface.interface DEBUG    interface:_message: QUEUING incoming message shortPoll
2026-08-28 06:19:16.349 Command    udi_interface.interface DEBUG    interface:_parseInput: DEQUEING shortPoll
2026-08-28 06:19:16.349 Command    udi_interface.interface DEBUG    interface:_handleInput: PROCESS shortPoll message {} from Polyglot
2026-08-28 06:20:06.000 MQTT       udi_interface.interface DEBUG    interface:_message: QUEUING incoming message longPoll
2026-08-28 06:20:06.000 Command    udi_interface.interface DEBUG    interface:_parseInput: DEQUEING longPoll
2026-08-28 06:20:06.000 Command    udi_interface.interface DEBUG    interface:_handleInput: PROCESS longPoll message {} from Polyglot
2026-08-28 06:20:16.358 MQTT       udi_interface.interface DEBUG    interface:_message: QUEUING incoming message shortPoll
2026-08-28 06:20:16.358 Command    udi_interface.interface DEBUG    interface:_parseInput: DEQUEING shortPoll
2026-08-28 06:20:16.358 Command    udi_interface.interface DEBUG    interface:_handleInput: PROCESS shortPoll message {} from Polyglot
2026-08-28 06:21:16.359 MQTT       udi_interface.interface DEBUG    interface:_message: QUEUING incoming message shortPoll
2026-08-28 06:21:16.359 Command    udi_interface.interface DEBUG    interface:_parseInput: DEQUEING shortPoll
2026-08-28 06:21:16.359 Command    udi_interface.interface DEBUG    interface:_handleInput: PROCESS shortPoll message {} from Polyglot
2026-08-28 06:22:16.364 MQTT       udi_interface.interface DEBUG    interface:_message: QUEUING incoming message shortPoll
2026-08-28 06:22:16.365 Command    udi_interface.interface DEBUG    interface:_parseInput: DEQUEING shortPoll
2026-08-28 06:22:16.365 Command    udi_interface.interface DEBUG    interface:_handleInput: PROCESS shortPoll message {} from Polyglot
2026-08-28 06:23:16.367 MQTT       udi_interface.interface DEBUG    interface:_message: QUEUING incoming message shortPoll
2026-08-28 06:23:16.367 Command    udi_interface.interface DEBUG    interface:_parseInput: DEQUEING shortPoll
2026-08-28 06:23:16.367 Command    udi_interface.interface DEBUG    interface:_handleInput: PROCESS shortPoll message {} from Polyglot
2026-08-28 06:24:16.371 MQTT       udi_interface.interface DEBUG    interface:_message: QUEUING incoming message shortPoll
2026-08-28 06:24:16.371 Command    udi_interface.interface DEBUG    interface:_parseInput: DEQUEING shortPoll
2026-08-28 06:24:16.371 Command    udi_interface.interface DEBUG    interface:_handleInput: PROCESS shortPoll message {} from Polyglot
2026-08-28 06:25:06.001 MQTT       udi_interface.interface DEBUG    interface:_message: QUEUING incoming message longPoll
2026-08-28 06:25:06.002 Command    udi_interface.interface DEBUG    interface:_parseInput: DEQUEING longPoll
2026-08-28 06:25:06.002 Command    udi_interface.interface DEBUG    interface:_handleInput: PROCESS longPoll message {} from Polyglot
2026-08-28 06:25:16.370 MQTT       udi_interface.interface DEBUG    interface:_message: QUEUING incoming message shortPoll
2026-08-28 06:25:16.371 Command    udi_interface.interface DEBUG    interface:_parseInput: DEQUEING shortPoll
2026-08-28 06:25:16.371 Command    udi_interface.interface DEBUG    interface:_handleInput: PROCESS shortPoll message {} from Polyglot
2026-08-28 06:26:16.379 MQTT       udi_interface.interface DEBUG    interface:_message: QUEUING incoming message shortPoll
2026-08-28 06:26:16.379 Command    udi_interface.interface DEBUG    interface:_parseInput: DEQUEING shortPoll
2026-08-28 06:26:16.379 Command    udi_interface.interface DEBUG    interface:_handleInput: PROCESS shortPoll message {} from Polyglot
2026-08-28 06:27:16.389 MQTT       udi_interface.interface DEBUG    interface:_message: QUEUING incoming message shortPoll
2026-08-28 06:27:16.389 Command    udi_interface.interface DEBUG    interface:_parseInput: DEQUEING shortPoll
2026-08-28 06:27:16.389 Command    udi_interface.interface DEBUG    interface:_handleInput: PROCESS shortPoll message {} from Polyglot
2026-08-28 06:28:16.392 MQTT       udi_interface.interface DEBUG    interface:_message: QUEUING incoming message shortPoll
2026-08-28 06:28:16.392 Command    udi_interface.interface DEBUG    interface:_parseInput: DEQUEING shortPoll
2026-08-28 06:28:16.392 Command    udi_interface.interface DEBUG    interface:_handleInput: PROCESS shortPoll message {} from Polyglot
2026-08-28 06:29:16.394 MQTT       udi_interface.interface DEBUG    interface:_message: QUEUING incoming message shortPoll
2026-08-28 06:29:16.395 Command    udi_interface.interface DEBUG    interface:_parseInput: DEQUEING shortPoll
2026-08-28 06:29:16.395 Command    udi_interface.interface DEBUG    interface:_handleInput: PROCESS shortPoll message {} from Polyglot
2026-08-28 06:30:06.002 MQTT       udi_interface.interface DEBUG    interface:_message: QUEUING incoming message longPoll
2026-08-28 06:30:06.002 Command    udi_interface.interface DEBUG    interface:_parseInput: DEQUEING longPoll
2026-08-28 06:30:06.002 Command    udi_interface.interface DEBUG    interface:_handleInput: PROCESS longPoll message {} from Polyglot
2026-08-28 06:30:16.399 MQTT       udi_interface.interface DEBUG    interface:_message: QUEUING incoming message shortPoll
2026-08-28 06:30:16.399 Command    udi_interface.interface DEBUG    interface:_parseInput: DEQUEING shortPoll
2026-08-28 06:30:16.399 Command    udi_interface.interface DEBUG    interface:_handleInput: PROCESS shortPoll message {} from Polyglot
2026-08-28 06:31:16.400 MQTT       udi_interface.interface DEBUG    interface:_message: QUEUING incoming message shortPoll
2026-08-28 06:31:16.400 Command    udi_interface.interface DEBUG    interface:_parseInput: DEQUEING shortPoll
2026-08-28 06:31:16.401 Command    udi_interface.interface DEBUG    interface:_handleInput: PROCESS shortPoll message {} from Polyglot
2026-08-28 06:32:16.406 MQTT       udi_interface.interface DEBUG    interface:_message: QUEUING incoming message shortPoll
2026-08-28 06:32:16.407 Command    udi_interface.interface DEBUG    interface:_parseInput: DEQUEING shortPoll
2026-08-28 06:32:16.407 Command    udi_interface.interface DEBUG    interface:_handleInput: PROCESS shortPoll message {} from Polyglot
2026-08-28 06:33:16.408 MQTT       udi_interface.interface DEBUG    interface:_message: QUEUING incoming message shortPoll
2026-08-28 06:33:16.408 Command    udi_interface.interface DEBUG    interface:_parseInput: DEQUEING shortPoll
2026-08-28 06:33:16.408 Command    udi_interface.interface DEBUG    interface:_handleInput: PROCESS shortPoll message {} from Polyglot
2026-08-28 06:34:16.409 MQTT       udi_interface.interface DEBUG    interface:_message: QUEUING incoming message shortPoll
2026-08-28 06:34:16.409 Command    udi_interface.interface DEBUG    interface:_parseInput: DEQUEING shortPoll
2026-08-28 06:34:16.409 Command    udi_interface.interface DEBUG    interface:_handleInput: PROCESS shortPoll message {} from Polyglot
2026-08-28 06:35:06.012 MQTT       udi_interface.interface DEBUG    interface:_message: QUEUING incoming message longPoll
2026-08-28 06:35:06.013 Command    udi_interface.interface DEBUG    interface:_parseInput: DEQUEING longPoll
2026-08-28 06:35:06.013 Command    udi_interface.interface DEBUG    interface:_handleInput: PROCESS longPoll message {} from Polyglot
2026-08-28 06:35:16.418 MQTT       udi_interface.interface DEBUG    interface:_message: QUEUING incoming message shortPoll
2026-08-28 06:35:16.418 Command    udi_interface.interface DEBUG    interface:_parseInput: DEQUEING shortPoll
2026-08-28 06:35:16.418 Command    udi_interface.interface DEBUG    interface:_handleInput: PROCESS shortPoll message {} from Polyglot
2026-08-28 06:36:16.420 MQTT       udi_interface.interface DEBUG    interface:_message: QUEUING incoming message shortPoll
2026-08-28 06:36:16.420 Command    udi_interface.interface DEBUG    interface:_parseInput: DEQUEING shortPoll
2026-08-28 06:36:16.420 Command    udi_interface.interface DEBUG    interface:_handleInput: PROCESS shortPoll message {} from Polyglot
2026-08-28 06:37:16.426 MQTT       udi_interface.interface DEBUG    interface:_message: QUEUING incoming message shortPoll
2026-08-28 06:37:16.426 Command    udi_interface.interface DEBUG    interface:_parseInput: DEQUEING shortPoll
2026-08-28 06:37:16.426 Command    udi_interface.interface DEBUG    interface:_handleInput: PROCESS shortPoll message {} from Polyglot
2026-08-28 06:38:16.430 MQTT       udi_interface.interface DEBUG    interface:_message: QUEUING incoming message shortPoll
2026-08-28 06:38:16.430 Command    udi_interface.interface DEBUG    interface:_parseInput: DEQUEING shortPoll
2026-08-28 06:38:16.431 Command    udi_interface.interface DEBUG    interface:_handleInput: PROCESS shortPoll message {} from Polyglot
2026-08-28 06:39:16.437 MQTT       udi_interface.interface DEBUG    interface:_message: QUEUING incoming message shortPoll
2026-08-28 06:39:16.438 Command    udi_interface.interface DEBUG    interface:_parseInput: DEQUEING shortPoll
2026-08-28 06:39:16.438 Command    udi_interface.interface DEBUG    interface:_handleInput: PROCESS shortPoll message {} from Polyglot
2026-08-28 06:40:06.014 MQTT       udi_interface.interface DEBUG    interface:_message: QUEUING incoming message longPoll
2026-08-28 06:40:06.014 Command    udi_interface.interface DEBUG    interface:_parseInput: DEQUEING longPoll
2026-08-28 06:40:06.014 Command    udi_interface.interface DEBUG    interface:_handleInput: PROCESS longPoll message {} from Polyglot
2026-08-28 06:40:16.445 MQTT       udi_interface.interface DEBUG    interface:_message: QUEUING incoming message shortPoll
2026-08-28 06:40:16.445 Command    udi_interface.interface DEBUG    interface:_parseInput: DEQUEING shortPoll
2026-08-28 06:40:16.445 Command    udi_interface.interface DEBUG    interface:_handleInput: PROCESS shortPoll message {} from Polyglot
2026-08-28 06:41:16.450 MQTT       udi_interface.interface DEBUG    interface:_message: QUEUING incoming message shortPoll
2026-08-28 06:41:16.451 Command    udi_interface.interface DEBUG    interface:_parseInput: DEQUEING shortPoll
2026-08-28 06:41:16.451 Command    udi_interface.interface DEBUG    interface:_handleInput: PROCESS shortPoll message {} from Polyglot
2026-08-28 06:42:16.455 MQTT       udi_interface.interface DEBUG    interface:_message: QUEUING incoming message shortPoll
2026-08-28 06:42:16.455 Command    udi_interface.interface DEBUG    interface:_parseInput: DEQUEING shortPoll
2026-08-28 06:42:16.455 Command    udi_interface.interface DEBUG    interface:_handleInput: PROCESS shortPoll message {} from Polyglot
2026-08-28 06:43:16.457 MQTT       udi_interface.interface DEBUG    interface:_message: QUEUING incoming message shortPoll
2026-08-28 06:43:16.457 Command    udi_interface.interface DEBUG    interface:_parseInput: DEQUEING shortPoll
2026-08-28 06:43:16.457 Command    udi_interface.interface DEBUG    interface:_handleInput: PROCESS shortPoll message {} from Polyglot
2026-08-28 06:44:16.458 MQTT       udi_interface.interface DEBUG    interface:_message: QUEUING incoming message shortPoll
2026-08-28 06:44:16.459 Command    udi_interface.interface DEBUG    interface:_parseInput: DEQUEING shortPoll
2026-08-28 06:44:16.459 Command    udi_interface.interface DEBUG    interface:_handleInput: PROCESS shortPoll message {} from Polyglot
2026-08-28 06:45:06.024 MQTT       udi_interface.interface DEBUG    interface:_message: QUEUING incoming message longPoll
2026-08-28 06:45:06.024 Command    udi_interface.interface DEBUG    interface:_parseInput: DEQUEING longPoll
2026-08-28 06:45:06.024 Command    udi_interface.interface DEBUG    interface:_handleInput: PROCESS longPoll message {} from Polyglot
2026-08-28 06:45:16.461 MQTT       udi_interface.interface DEBUG    interface:_message: QUEUING incoming message shortPoll
2026-08-28 06:45:16.462 Command    udi_interface.interface DEBUG    interface:_parseInput: DEQUEING shortPoll
2026-08-28 06:45:16.462 Command    udi_interface.interface DEBUG    interface:_handleInput: PROCESS shortPoll message {} from Polyglot
2026-08-28 06:46:16.465 MQTT       udi_interface.interface DEBUG    interface:_message: QUEUING incoming message shortPoll
2026-08-28 06:46:16.465 Command    udi_interface.interface DEBUG    interface:_parseInput: DEQUEING shortPoll
2026-08-28 06:46:16.465 Command    udi_interface.interface DEBUG    interface:_handleInput: PROCESS shortPoll message {} from Polyglot
2026-08-28 06:47:16.471 MQTT       udi_interface.interface DEBUG    interface:_message: QUEUING incoming message shortPoll
2026-08-28 06:47:16.472 Command    udi_interface.interface DEBUG    interface:_parseInput: DEQUEING shortPoll
2026-08-28 06:47:16.472 Command    udi_interface.interface DEBUG    interface:_handleInput: PROCESS shortPoll message {} from Polyglot
2026-08-28 06:48:16.480 MQTT       udi_interface.interface DEBUG    interface:_message: QUEUING incoming message shortPoll
2026-08-28 06:48:16.480 Command    udi_interface.interface DEBUG    interface:_parseInput: DEQUEING shortPoll
2026-08-28 06:48:16.481 Command    udi_interface.interface DEBUG    interface:_handleInput: PROCESS shortPoll message {} from Polyglot
2026-08-28 06:49:16.481 MQTT       udi_interface.interface DEBUG    interface:_message: QUEUING incoming message shortPoll
2026-08-28 06:49:16.481 Command    udi_interface.interface DEBUG    interface:_parseInput: DEQUEING shortPoll
2026-08-28 06:49:16.481 Command    udi_interface.interface DEBUG    interface:_handleInput: PROCESS shortPoll message {} from Polyglot
2026-08-28 06:50:06.029 MQTT       udi_interface.interface DEBUG    interface:_message: QUEUING incoming message longPoll
2026-08-28 06:50:06.029 Command    udi_interface.interface DEBUG    interface:_parseInput: DEQUEING longPoll
2026-08-28 06:50:06.029 Command    udi_interface.interface DEBUG    interface:_handleInput: PROCESS longPoll message {} from Polyglot
2026-08-28 06:50:16.484 MQTT       udi_interface.interface DEBUG    interface:_message: QUEUING incoming message shortPoll
2026-08-28 06:50:16.484 Command    udi_interface.interface DEBUG    interface:_parseInput: DEQUEING shortPoll
2026-08-28 06:50:16.484 Command    udi_interface.interface DEBUG    interface:_handleInput: PROCESS shortPoll message {} from Polyglot
2026-08-28 06:51:16.489 MQTT       udi_interface.interface DEBUG    interface:_message: QUEUING incoming message shortPoll
2026-08-28 06:51:16.489 Command    udi_interface.interface DEBUG    interface:_parseInput: DEQUEING shortPoll
2026-08-28 06:51:16.489 Command    udi_interface.interface DEBUG    interface:_handleInput: PROCESS shortPoll message {} from Polyglot
2026-08-28 06:52:16.495 MQTT       udi_interface.interface DEBUG    interface:_message: QUEUING incoming message shortPoll
2026-08-28 06:52:16.495 Command    udi_interface.interface DEBUG    interface:_parseInput: DEQUEING shortPoll
2026-08-28 06:52:16.495 Command    udi_interface.interface DEBUG    interface:_handleInput: PROCESS shortPoll message {} from Polyglot
2026-08-28 06:53:16.503 MQTT       udi_interface.interface DEBUG    interface:_message: QUEUING incoming message shortPoll
2026-08-28 06:53:16.503 Command    udi_interface.interface DEBUG    interface:_parseInput: DEQUEING shortPoll
2026-08-28 06:53:16.503 Command    udi_interface.interface DEBUG    interface:_handleInput: PROCESS shortPoll message {} from Polyglot
2026-08-28 06:54:16.506 MQTT       udi_interface.interface DEBUG    interface:_message: QUEUING incoming message shortPoll
2026-08-28 06:54:16.507 Command    udi_interface.interface DEBUG    interface:_parseInput: DEQUEING shortPoll
2026-08-28 06:54:16.507 Command    udi_interface.interface DEBUG    interface:_handleInput: PROCESS shortPoll message {} from Polyglot
2026-08-28 06:55:06.037 MQTT       udi_interface.interface DEBUG    interface:_message: QUEUING incoming message longPoll
2026-08-28 06:55:06.037 Command    udi_interface.interface DEBUG    interface:_parseInput: DEQUEING longPoll
2026-08-28 06:55:06.037 Command    udi_interface.interface DEBUG    interface:_handleInput: PROCESS longPoll message {} from Polyglot
2026-08-28 06:55:16.509 MQTT       udi_interface.interface DEBUG    interface:_message: QUEUING incoming message shortPoll
2026-08-28 06:55:16.509 Command    udi_interface.interface DEBUG    interface:_parseInput: DEQUEING shortPoll
2026-08-28 06:55:16.509 Command    udi_interface.interface DEBUG    interface:_handleInput: PROCESS shortPoll message {} from Polyglot
2026-08-28 06:56:16.513 MQTT       udi_interface.interface DEBUG    interface:_message: QUEUING incoming message shortPoll
2026-08-28 06:56:16.513 Command    udi_interface.interface DEBUG    interface:_parseInput: DEQUEING shortPoll
2026-08-28 06:56:16.513 Command    udi_interface.interface DEBUG    interface:_handleInput: PROCESS shortPoll message {} from Polyglot
2026-08-28 06:57:16.515 MQTT       udi_interface.interface DEBUG    interface:_message: QUEUING incoming message shortPoll
2026-08-28 06:57:16.515 Command    udi_interface.interface DEBUG    interface:_parseInput: DEQUEING shortPoll
2026-08-28 06:57:16.515 Command    udi_interface.interface DEBUG    interface:_handleInput: PROCESS shortPoll message {} from Polyglot
2026-08-28 06:58:16.525 MQTT       udi_interface.interface DEBUG    interface:_message: QUEUING incoming message shortPoll
2026-08-28 06:58:16.525 Command    udi_interface.interface DEBUG    interface:_parseInput: DEQUEING shortPoll
2026-08-28 06:58:16.525 Command    udi_interface.interface DEBUG    interface:_handleInput: PROCESS shortPoll message {} from Polyglot
2026-08-28 06:59:16.533 MQTT       udi_interface.interface DEBUG    interface:_message: QUEUING incoming message shortPoll
2026-08-28 06:59:16.533 Command    udi_interface.interface DEBUG    interface:_parseInput: DEQUEING shortPoll
2026-08-28 06:59:16.533 Command    udi_interface.interface DEBUG    interface:_handleInput: PROCESS shortPoll message {} from Polyglot
2026-08-28 07:00:06.042 MQTT       udi_interface.interface DEBUG    interface:_message: QUEUING incoming message longPoll
2026-08-28 07:00:06.043 Command    udi_interface.interface DEBUG    interface:_parseInput: DEQUEING longPoll
2026-08-28 07:00:06.043 Command    udi_interface.interface DEBUG    interface:_handleInput: PROCESS longPoll message {} from Polyglot
2026-08-28 07:00:16.534 MQTT       udi_interface.interface DEBUG    interface:_message: QUEUING incoming message shortPoll
2026-08-28 07:00:16.534 Command    udi_interface.interface DEBUG    interface:_parseInput: DEQUEING shortPoll
2026-08-28 07:00:16.534 Command    udi_interface.interface DEBUG    interface:_handleInput: PROCESS shortPoll message {} from Polyglot
2026-08-28 07:01:16.543 MQTT       udi_interface.interface DEBUG    interface:_message: QUEUING incoming message shortPoll
2026-08-28 07:01:16.543 Command    udi_interface.interface DEBUG    interface:_parseInput: DEQUEING shortPoll
2026-08-28 07:01:16.544 Command    udi_interface.interface DEBUG    interface:_handleInput: PROCESS shortPoll message {} from Polyglot
2026-08-28 07:02:16.547 MQTT       udi_interface.interface DEBUG    interface:_message: QUEUING incoming message shortPoll
2026-08-28 07:02:16.547 Command    udi_interface.interface DEBUG    interface:_parseInput: DEQUEING shortPoll
2026-08-28 07:02:16.547 Command    udi_interface.interface DEBUG    interface:_handleInput: PROCESS shortPoll message {} from Polyglot
2026-08-28 07:03:16.550 MQTT       udi_interface.interface DEBUG    interface:_message: QUEUING incoming message shortPoll
2026-08-28 07:03:16.550 Command    udi_interface.interface DEBUG    interface:_parseInput: DEQUEING shortPoll
2026-08-28 07:03:16.551 Command    udi_interface.interface DEBUG    interface:_handleInput: PROCESS shortPoll message {} from Polyglot
2026-08-28 07:04:16.551 MQTT       udi_interface.interface DEBUG    interface:_message: QUEUING incoming message shortPoll
2026-08-28 07:04:16.552 Command    udi_interface.interface DEBUG    interface:_parseInput: DEQUEING shortPoll
2026-08-28 07:04:16.552 Command    udi_interface.interface DEBUG    interface:_handleInput: PROCESS shortPoll message {} from Polyglot
2026-08-28 07:05:06.046 MQTT       udi_interface.interface DEBUG    interface:_message: QUEUING incoming message longPoll
2026-08-28 07:05:06.046 Command    udi_interface.interface DEBUG    interface:_parseInput: DEQUEING longPoll
2026-08-28 07:05:06.046 Command    udi_interface.interface DEBUG    interface:_handleInput: PROCESS longPoll message {} from Polyglot
2026-08-28 07:05:16.553 MQTT       udi_interface.interface DEBUG    interface:_message: QUEUING incoming message shortPoll
2026-08-28 07:05:16.553 Command    udi_interface.interface DEBUG    interface:_parseInput: DEQUEING shortPoll
2026-08-28 07:05:16.553 Command    udi_interface.interface DEBUG    interface:_handleInput: PROCESS shortPoll message {} from Polyglot
2026-08-28 07:06:16.557 MQTT       udi_interface.interface DEBUG    interface:_message: QUEUING incoming message shortPoll
2026-08-28 07:06:16.557 Command    udi_interface.interface DEBUG    interface:_parseInput: DEQUEING shortPoll
2026-08-28 07:06:16.557 Command    udi_interface.interface DEBUG    interface:_handleInput: PROCESS shortPoll message {} from Polyglot
2026-08-28 07:07:16.567 MQTT       udi_interface.interface DEBUG    interface:_message: QUEUING incoming message shortPoll
2026-08-28 07:07:16.568 Command    udi_interface.interface DEBUG    interface:_parseInput: DEQUEING shortPoll
2026-08-28 07:07:16.568 Command    udi_interface.interface DEBUG    interface:_handleInput: PROCESS shortPoll message {} from Polyglot
2026-08-28 07:08:16.575 MQTT       udi_interface.interface DEBUG    interface:_message: QUEUING incoming message shortPoll
2026-08-28 07:08:16.575 Command    udi_interface.interface DEBUG    interface:_parseInput: DEQUEING shortPoll
2026-08-28 07:08:16.575 Command    udi_interface.interface DEBUG    interface:_handleInput: PROCESS shortPoll message {} from Polyglot
2026-08-28 07:09:16.583 MQTT       udi_interface.interface DEBUG    interface:_message: QUEUING incoming message shortPoll
2026-08-28 07:09:16.583 Command    udi_interface.interface DEBUG    interface:_parseInput: DEQUEING shortPoll
2026-08-28 07:09:16.583 Command    udi_interface.interface DEBUG    interface:_handleInput: PROCESS shortPoll message {} from Polyglot
2026-08-28 07:10:06.051 MQTT       udi_interface.interface DEBUG    interface:_message: QUEUING incoming message longPoll
2026-08-28 07:10:06.051 Command    udi_interface.interface DEBUG    interface:_parseInput: DEQUEING longPoll
2026-08-28 07:10:06.051 Command    udi_interface.interface DEBUG    interface:_handleInput: PROCESS longPoll message {} from Polyglot
2026-08-28 07:10:16.589 MQTT       udi_interface.interface DEBUG    interface:_message: QUEUING incoming message shortPoll
2026-08-28 07:10:16.589 Command    udi_interface.interface DEBUG    interface:_parseInput: DEQUEING shortPoll
2026-08-28 07:10:16.589 Command    udi_interface.interface DEBUG    interface:_handleInput: PROCESS shortPoll message {} from Polyglot
2026-08-28 07:11:16.590 MQTT       udi_interface.interface DEBUG    interface:_message: QUEUING incoming message shortPoll
2026-08-28 07:11:16.590 Command    udi_interface.interface DEBUG    interface:_parseInput: DEQUEING shortPoll
2026-08-28 07:11:16.590 Command    udi_interface.interface DEBUG    interface:_handleInput: PROCESS shortPoll message {} from Polyglot
2026-08-28 07:12:16.593 MQTT       udi_interface.interface DEBUG    interface:_message: QUEUING incoming message shortPoll
2026-08-28 07:12:16.593 Command    udi_interface.interface DEBUG    interface:_parseInput: DEQUEING shortPoll
2026-08-28 07:12:16.593 Command    udi_interface.interface DEBUG    interface:_handleInput: PROCESS shortPoll message {} from Polyglot
2026-08-28 07:13:16.596 MQTT       udi_interface.interface DEBUG    interface:_message: QUEUING incoming message shortPoll
2026-08-28 07:13:16.596 Command    udi_interface.interface DEBUG    interface:_parseInput: DEQUEING shortPoll
2026-08-28 07:13:16.596 Command    udi_interface.interface DEBUG    interface:_handleInput: PROCESS shortPoll message {} from Polyglot
2026-08-28 07:14:16.597 MQTT       udi_interface.interface DEBUG    interface:_message: QUEUING incoming message shortPoll
2026-08-28 07:14:16.598 Command    udi_interface.interface DEBUG    interface:_parseInput: DEQUEING shortPoll
2026-08-28 07:14:16.598 Command    udi_interface.interface DEBUG    interface:_handleInput: PROCESS shortPoll message {} from Polyglot
2026-08-28 07:15:06.054 MQTT       udi_interface.interface DEBUG    interface:_message: QUEUING incoming message longPoll
2026-08-28 07:15:06.054 Command    udi_interface.interface DEBUG    interface:_parseInput: DEQUEING longPoll
2026-08-28 07:15:06.054 Command    udi_interface.interface DEBUG    interface:_handleInput: PROCESS longPoll message {} from Polyglot
2026-08-28 07:15:16.600 MQTT       udi_interface.interface DEBUG    interface:_message: QUEUING incoming message shortPoll
2026-08-28 07:15:16.600 Command    udi_interface.interface DEBUG    interface:_parseInput: DEQUEING shortPoll
2026-08-28 07:15:16.600 Command    udi_interface.interface DEBUG    interface:_handleInput: PROCESS shortPoll message {} from Polyglot
2026-08-28 07:16:16.602 MQTT       udi_interface.interface DEBUG    interface:_message: QUEUING incoming message shortPoll
2026-08-28 07:16:16.602 Command    udi_interface.interface DEBUG    interface:_parseInput: DEQUEING shortPoll
2026-08-28 07:16:16.602 Command    udi_interface.interface DEBUG    interface:_handleInput: PROCESS shortPoll message {} from Polyglot
2026-08-28 07:17:16.606 MQTT       udi_interface.interface DEBUG    interface:_message: QUEUING incoming message shortPoll
2026-08-28 07:17:16.606 Command    udi_interface.interface DEBUG    interface:_parseInput: DEQUEING shortPoll
2026-08-28 07:17:16.607 Command    udi_interface.interface DEBUG    interface:_handleInput: PROCESS shortPoll message {} from Polyglot
2026-08-28 07:18:16.608 MQTT       udi_interface.interface DEBUG    interface:_message: QUEUING incoming message shortPoll
2026-08-28 07:18:16.608 Command    udi_interface.interface DEBUG    interface:_parseInput: DEQUEING shortPoll
2026-08-28 07:18:16.608 Command    udi_interface.interface DEBUG    interface:_handleInput: PROCESS shortPoll message {} from Polyglot
2026-08-28 07:19:16.613 MQTT       udi_interface.interface DEBUG    interface:_message: QUEUING incoming message shortPoll
2026-08-28 07:19:16.613 Command    udi_interface.interface DEBUG    interface:_parseInput: DEQUEING shortPoll
2026-08-28 07:19:16.613 Command    udi_interface.interface DEBUG    interface:_handleInput: PROCESS shortPoll message {} from Polyglot
2026-08-28 07:20:06.055 MQTT       udi_interface.interface DEBUG    interface:_message: QUEUING incoming message longPoll
2026-08-28 07:20:06.055 Command    udi_interface.interface DEBUG    interface:_parseInput: DEQUEING longPoll
2026-08-28 07:20:06.055 Command    udi_interface.interface DEBUG    interface:_handleInput: PROCESS longPoll message {} from Polyglot
2026-08-28 07:20:16.617 MQTT       udi_interface.interface DEBUG    interface:_message: QUEUING incoming message shortPoll
2026-08-28 07:20:16.618 Command    udi_interface.interface DEBUG    interface:_parseInput: DEQUEING shortPoll
2026-08-28 07:20:16.618 Command    udi_interface.interface DEBUG    interface:_handleInput: PROCESS shortPoll message {} from Polyglot
2026-08-28 07:21:16.621 MQTT       udi_interface.interface DEBUG    interface:_message: QUEUING incoming message shortPoll
2026-08-28 07:21:16.621 Command    udi_interface.interface DEBUG    interface:_parseInput: DEQUEING shortPoll
2026-08-28 07:21:16.621 Command    udi_interface.interface DEBUG    interface:_handleInput: PROCESS shortPoll message {} from Polyglot
2026-08-28 07:22:16.624 MQTT       udi_interface.interface DEBUG    interface:_message: QUEUING incoming message shortPoll
2026-08-28 07:22:16.624 Command    udi_interface.interface DEBUG    interface:_parseInput: DEQUEING shortPoll
2026-08-28 07:22:16.624 Command    udi_interface.interface DEBUG    interface:_handleInput: PROCESS shortPoll message {} from Polyglot
2026-08-28 07:23:16.626 MQTT       udi_interface.interface DEBUG    interface:_message: QUEUING incoming message shortPoll
2026-08-28 07:23:16.626 Command    udi_interface.interface DEBUG    interface:_parseInput: DEQUEING shortPoll
2026-08-28 07:23:16.626 Command    udi_interface.interface DEBUG    interface:_handleInput: PROCESS shortPoll message {} from Polyglot
2026-08-28 07:24:16.628 MQTT       udi_interface.interface DEBUG    interface:_message: QUEUING incoming message shortPoll
2026-08-28 07:24:16.628 Command    udi_interface.interface DEBUG    interface:_parseInput: DEQUEING shortPoll
2026-08-28 07:24:16.628 Command    udi_interface.interface DEBUG    interface:_handleInput: PROCESS shortPoll message {} from Polyglot
2026-08-28 07:25:06.055 MQTT       udi_interface.interface DEBUG    interface:_message: QUEUING incoming message longPoll
2026-08-28 07:25:06.056 Command    udi_interface.interface DEBUG    interface:_parseInput: DEQUEING longPoll
2026-08-28 07:25:06.056 Command    udi_interface.interface DEBUG    interface:_handleInput: PROCESS longPoll message {} from Polyglot
2026-08-28 07:25:16.628 MQTT       udi_interface.interface DEBUG    interface:_message: QUEUING incoming message shortPoll
2026-08-28 07:25:16.628 Command    udi_interface.interface DEBUG    interface:_parseInput: DEQUEING shortPoll
2026-08-28 07:25:16.629 Command    udi_interface.interface DEBUG    interface:_handleInput: PROCESS shortPoll message {} from Polyglot
2026-08-28 07:26:16.631 MQTT       udi_interface.interface DEBUG    interface:_message: QUEUING incoming message shortPoll
2026-08-28 07:26:16.632 Command    udi_interface.interface DEBUG    interface:_parseInput: DEQUEING shortPoll
2026-08-28 07:26:16.632 Command    udi_interface.interface DEBUG    interface:_handleInput: PROCESS shortPoll message {} from Polyglot
2026-08-28 07:27:16.636 MQTT       udi_interface.interface DEBUG    interface:_message: QUEUING incoming message shortPoll
2026-08-28 07:27:16.636 Command    udi_interface.interface DEBUG    interface:_parseInput: DEQUEING shortPoll
2026-08-28 07:27:16.636 Command    udi_interface.interface DEBUG    interface:_handleInput: PROCESS shortPoll message {} from Polyglot
2026-08-28 07:28:16.640 MQTT       udi_interface.interface DEBUG    interface:_message: QUEUING incoming message shortPoll
2026-08-28 07:28:16.640 Command    udi_interface.interface DEBUG    interface:_parseInput: DEQUEING shortPoll
2026-08-28 07:28:16.640 Command    udi_interface.interface DEBUG    interface:_handleInput: PROCESS shortPoll message {} from Polyglot
2026-08-28 07:29:16.647 MQTT       udi_interface.interface DEBUG    interface:_message: QUEUING incoming message shortPoll
2026-08-28 07:29:16.647 Command    udi_interface.interface DEBUG    interface:_parseInput: DEQUEING shortPoll
2026-08-28 07:29:16.647 Command    udi_interface.interface DEBUG    interface:_handleInput: PROCESS shortPoll message {} from Polyglot
2026-08-28 07:30:06.060 MQTT       udi_interface.interface DEBUG    interface:_message: QUEUING incoming message longPoll
2026-08-28 07:30:06.060 Command    udi_interface.interface DEBUG    interface:_parseInput: DEQUEING longPoll
2026-08-28 07:30:06.060 Command    udi_interface.interface DEBUG    interface:_handleInput: PROCESS longPoll message {} from Polyglot
2026-08-28 07:30:16.648 MQTT       udi_interface.interface DEBUG    interface:_message: QUEUING incoming message shortPoll
2026-08-28 07:30:16.649 Command    udi_interface.interface DEBUG    interface:_parseInput: DEQUEING shortPoll
2026-08-28 07:30:16.649 Command    udi_interface.interface DEBUG    interface:_handleInput: PROCESS shortPoll message {} from Polyglot
2026-08-28 07:31:16.651 MQTT       udi_interface.interface DEBUG    interface:_message: QUEUING incoming message shortPoll
2026-08-28 07:31:16.651 Command    udi_interface.interface DEBUG    interface:_parseInput: DEQUEING shortPoll
2026-08-28 07:31:16.651 Command    udi_interface.interface DEBUG    interface:_handleInput: PROCESS shortPoll message {} from Polyglot
2026-08-28 07:32:16.654 MQTT       udi_interface.interface DEBUG    interface:_message: QUEUING incoming message shortPoll
2026-08-28 07:32:16.654 Command    udi_interface.interface DEBUG    interface:_parseInput: DEQUEING shortPoll
2026-08-28 07:32:16.654 Command    udi_interface.interface DEBUG    interface:_handleInput: PROCESS shortPoll message {} from Polyglot
2026-08-28 07:33:16.659 MQTT       udi_interface.interface DEBUG    interface:_message: QUEUING incoming message shortPoll
2026-08-28 07:33:16.659 Command    udi_interface.interface DEBUG    interface:_parseInput: DEQUEING shortPoll
2026-08-28 07:33:16.659 Command    udi_interface.interface DEBUG    interface:_handleInput: PROCESS shortPoll message {} from Polyglot
2026-08-28 07:34:16.665 MQTT       udi_interface.interface DEBUG    interface:_message: QUEUING incoming message shortPoll
2026-08-28 07:34:16.665 Command    udi_interface.interface DEBUG    interface:_parseInput: DEQUEING shortPoll
2026-08-28 07:34:16.665 Command    udi_interface.interface DEBUG    interface:_handleInput: PROCESS shortPoll message {} from Polyglot
2026-08-28 07:35:06.063 MQTT       udi_interface.interface DEBUG    interface:_message: QUEUING incoming message longPoll
2026-08-28 07:35:06.063 Command    udi_interface.interface DEBUG    interface:_parseInput: DEQUEING longPoll
2026-08-28 07:35:06.063 Command    udi_interface.interface DEBUG    interface:_handleInput: PROCESS longPoll message {} from Polyglot
2026-08-28 07:35:16.668 MQTT       udi_interface.interface DEBUG    interface:_message: QUEUING incoming message shortPoll
2026-08-28 07:35:16.668 Command    udi_interface.interface DEBUG    interface:_parseInput: DEQUEING shortPoll
2026-08-28 07:35:16.668 Command    udi_interface.interface DEBUG    interface:_handleInput: PROCESS shortPoll message {} from Polyglot
2026-08-28 07:36:16.672 MQTT       udi_interface.interface DEBUG    interface:_message: QUEUING incoming message shortPoll
2026-08-28 07:36:16.673 Command    udi_interface.interface DEBUG    interface:_parseInput: DEQUEING shortPoll
2026-08-28 07:36:16.673 Command    udi_interface.interface DEBUG    interface:_handleInput: PROCESS shortPoll message {} from Polyglot
2026-08-28 07:37:16.677 MQTT       udi_interface.interface DEBUG    interface:_message: QUEUING incoming message shortPoll
2026-08-28 07:37:16.677 Command    udi_interface.interface DEBUG    interface:_parseInput: DEQUEING shortPoll
2026-08-28 07:37:16.677 Command    udi_interface.interface DEBUG    interface:_handleInput: PROCESS shortPoll message {} from Polyglot
2026-08-28 07:38:16.678 MQTT       udi_interface.interface DEBUG    interface:_message: QUEUING incoming message shortPoll
2026-08-28 07:38:16.678 Command    udi_interface.interface DEBUG    interface:_parseInput: DEQUEING shortPoll
2026-08-28 07:38:16.678 Command    udi_interface.interface DEBUG    interface:_handleInput: PROCESS shortPoll message {} from Polyglot
2026-08-28 07:39:16.682 MQTT       udi_interface.interface DEBUG    interface:_message: QUEUING incoming message shortPoll
2026-08-28 07:39:16.682 Command    udi_interface.interface DEBUG    interface:_parseInput: DEQUEING shortPoll
2026-08-28 07:39:16.682 Command    udi_interface.interface DEBUG    interface:_handleInput: PROCESS shortPoll message {} from Polyglot
2026-08-28 07:40:06.066 MQTT       udi_interface.interface DEBUG    interface:_message: QUEUING incoming message longPoll
2026-08-28 07:40:06.066 Command    udi_interface.interface DEBUG    interface:_parseInput: DEQUEING longPoll
2026-08-28 07:40:06.066 Command    udi_interface.interface DEBUG    interface:_handleInput: PROCESS longPoll message {} from Polyglot
2026-08-28 07:40:16.690 MQTT       udi_interface.interface DEBUG    interface:_message: QUEUING incoming message shortPoll
2026-08-28 07:40:16.690 Command    udi_interface.interface DEBUG    interface:_parseInput: DEQUEING shortPoll
2026-08-28 07:40:16.690 Command    udi_interface.interface DEBUG    interface:_handleInput: PROCESS shortPoll message {} from Polyglot
2026-08-28 07:41:16.694 MQTT       udi_interface.interface DEBUG    interface:_message: QUEUING incoming message shortPoll
2026-08-28 07:41:16.694 Command    udi_interface.interface DEBUG    interface:_parseInput: DEQUEING shortPoll
2026-08-28 07:41:16.694 Command    udi_interface.interface DEBUG    interface:_handleInput: PROCESS shortPoll message {} from Polyglot
2026-08-28 07:42:16.695 MQTT       udi_interface.interface DEBUG    interface:_message: QUEUING incoming message shortPoll
2026-08-28 07:42:16.695 Command    udi_interface.interface DEBUG    interface:_parseInput: DEQUEING shortPoll
2026-08-28 07:42:16.695 Command    udi_interface.interface DEBUG    interface:_handleInput: PROCESS shortPoll message {} from Polyglot
2026-08-28 07:43:16.704 MQTT       udi_interface.interface DEBUG    interface:_message: QUEUING incoming message shortPoll
2026-08-28 07:43:16.705 Command    udi_interface.interface DEBUG    interface:_parseInput: DEQUEING shortPoll
2026-08-28 07:43:16.705 Command    udi_interface.interface DEBUG    interface:_handleInput: PROCESS shortPoll message {} from Polyglot
2026-08-28 07:44:16.704 MQTT       udi_interface.interface DEBUG    interface:_message: QUEUING incoming message shortPoll
2026-08-28 07:44:16.705 Command    udi_interface.interface DEBUG    interface:_parseInput: DEQUEING shortPoll
2026-08-28 07:44:16.705 Command    udi_interface.interface DEBUG    interface:_handleInput: PROCESS shortPoll message {} from Polyglot
2026-08-28 07:45:06.071 MQTT       udi_interface.interface DEBUG    interface:_message: QUEUING incoming message longPoll
2026-08-28 07:45:06.072 Command    udi_interface.interface DEBUG    interface:_parseInput: DEQUEING longPoll
2026-08-28 07:45:06.072 Command    udi_interface.interface DEBUG    interface:_handleInput: PROCESS longPoll message {} from Polyglot
2026-08-28 07:45:16.715 MQTT       udi_interface.interface DEBUG    interface:_message: QUEUING incoming message shortPoll
2026-08-28 07:45:16.715 Command    udi_interface.interface DEBUG    interface:_parseInput: DEQUEING shortPoll
2026-08-28 07:45:16.715 Command    udi_interface.interface DEBUG    interface:_handleInput: PROCESS shortPoll message {} from Polyglot
2026-08-28 07:46:16.725 MQTT       udi_interface.interface DEBUG    interface:_message: QUEUING incoming message shortPoll
2026-08-28 07:46:16.725 Command    udi_interface.interface DEBUG    interface:_parseInput: DEQUEING shortPoll
2026-08-28 07:46:16.725 Command    udi_interface.interface DEBUG    interface:_handleInput: PROCESS shortPoll message {} from Polyglot
2026-08-28 07:47:16.733 MQTT       udi_interface.interface DEBUG    interface:_message: QUEUING incoming message shortPoll
2026-08-28 07:47:16.733 Command    udi_interface.interface DEBUG    interface:_parseInput: DEQUEING shortPoll
2026-08-28 07:47:16.733 Command    udi_interface.interface DEBUG    interface:_handleInput: PROCESS shortPoll message {} from Polyglot
2026-08-28 07:48:16.734 MQTT       udi_interface.interface DEBUG    interface:_message: QUEUING incoming message shortPoll
2026-08-28 07:48:16.734 Command    udi_interface.interface DEBUG    interface:_parseInput: DEQUEING shortPoll
2026-08-28 07:48:16.734 Command    udi_interface.interface DEBUG    interface:_handleInput: PROCESS shortPoll message {} from Polyglot
2026-08-28 07:49:16.740 MQTT       udi_interface.interface DEBUG    interface:_message: QUEUING incoming message shortPoll
2026-08-28 07:49:16.741 Command    udi_interface.interface DEBUG    interface:_parseInput: DEQUEING shortPoll
2026-08-28 07:49:16.741 Command    udi_interface.interface DEBUG    interface:_handleInput: PROCESS shortPoll message {} from Polyglot
2026-08-28 07:50:06.073 MQTT       udi_interface.interface DEBUG    interface:_message: QUEUING incoming message longPoll
2026-08-28 07:50:06.073 Command    udi_interface.interface DEBUG    interface:_parseInput: DEQUEING longPoll
2026-08-28 07:50:06.073 Command    udi_interface.interface DEBUG    interface:_handleInput: PROCESS longPoll message {} from Polyglot
2026-08-28 07:50:16.751 MQTT       udi_interface.interface DEBUG    interface:_message: QUEUING incoming message shortPoll
2026-08-28 07:50:16.751 Command    udi_interface.interface DEBUG    interface:_parseInput: DEQUEING shortPoll
2026-08-28 07:50:16.751 Command    udi_interface.interface DEBUG    interface:_handleInput: PROCESS shortPoll message {} from Polyglot
2026-08-28 07:51:16.757 MQTT       udi_interface.interface DEBUG    interface:_message: QUEUING incoming message shortPoll
2026-08-28 07:51:16.757 Command    udi_interface.interface DEBUG    interface:_parseInput: DEQUEING shortPoll
2026-08-28 07:51:16.757 Command    udi_interface.interface DEBUG    interface:_handleInput: PROCESS shortPoll message {} from Polyglot
2026-08-28 07:52:16.758 MQTT       udi_interface.interface DEBUG    interface:_message: QUEUING incoming message shortPoll
2026-08-28 07:52:16.758 Command    udi_interface.interface DEBUG    interface:_parseInput: DEQUEING shortPoll
2026-08-28 07:52:16.758 Command    udi_interface.interface DEBUG    interface:_handleInput: PROCESS shortPoll message {} from Polyglot
2026-08-28 07:53:16.767 MQTT       udi_interface.interface DEBUG    interface:_message: QUEUING incoming message shortPoll
2026-08-28 07:53:16.768 Command    udi_interface.interface DEBUG    interface:_parseInput: DEQUEING shortPoll
2026-08-28 07:53:16.768 Command    udi_interface.interface DEBUG    interface:_handleInput: PROCESS shortPoll message {} from Polyglot
2026-08-28 07:54:16.773 MQTT       udi_interface.interface DEBUG    interface:_message: QUEUING incoming message shortPoll
2026-08-28 07:54:16.773 Command    udi_interface.interface DEBUG    interface:_parseInput: DEQUEING shortPoll
2026-08-28 07:54:16.773 Command    udi_interface.interface DEBUG    interface:_handleInput: PROCESS shortPoll message {} from Polyglot
2026-08-28 07:55:06.080 MQTT       udi_interface.interface DEBUG    interface:_message: QUEUING incoming message longPoll
2026-08-28 07:55:06.081 Command    udi_interface.interface DEBUG    interface:_parseInput: DEQUEING longPoll
2026-08-28 07:55:06.081 Command    udi_interface.interface DEBUG    interface:_handleInput: PROCESS longPoll message {} from Polyglot
2026-08-28 07:55:16.779 MQTT       udi_interface.interface DEBUG    interface:_message: QUEUING incoming message shortPoll
2026-08-28 07:55:16.779 Command    udi_interface.interface DEBUG    interface:_parseInput: DEQUEING shortPoll
2026-08-28 07:55:16.779 Command    udi_interface.interface DEBUG    interface:_handleInput: PROCESS shortPoll message {} from Polyglot
2026-08-28 07:56:16.785 MQTT       udi_interface.interface DEBUG    interface:_message: QUEUING incoming message shortPoll
2026-08-28 07:56:16.785 Command    udi_interface.interface DEBUG    interface:_parseInput: DEQUEING shortPoll
2026-08-28 07:56:16.786 Command    udi_interface.interface DEBUG    interface:_handleInput: PROCESS shortPoll message {} from Polyglot
2026-08-28 07:57:16.788 MQTT       udi_interface.interface DEBUG    interface:_message: QUEUING incoming message shortPoll
2026-08-28 07:57:16.788 Command    udi_interface.interface DEBUG    interface:_parseInput: DEQUEING shortPoll
2026-08-28 07:57:16.788 Command    udi_interface.interface DEBUG    interface:_handleInput: PROCESS shortPoll message {} from Polyglot
2026-08-28 07:58:16.795 MQTT       udi_interface.interface DEBUG    interface:_message: QUEUING incoming message shortPoll
2026-08-28 07:58:16.795 Command    udi_interface.interface DEBUG    interface:_parseInput: DEQUEING shortPoll
2026-08-28 07:58:16.795 Command    udi_interface.interface DEBUG    interface:_handleInput: PROCESS shortPoll message {} from Polyglot
2026-08-28 07:59:16.802 MQTT       udi_interface.interface DEBUG    interface:_message: QUEUING incoming message shortPoll
2026-08-28 07:59:16.802 Command    udi_interface.interface DEBUG    interface:_parseInput: DEQUEING shortPoll
2026-08-28 07:59:16.802 Command    udi_interface.interface DEBUG    interface:_handleInput: PROCESS shortPoll message {} from Polyglot
2026-08-28 08:00:06.083 MQTT       udi_interface.interface DEBUG    interface:_message: QUEUING incoming message longPoll
2026-08-28 08:00:06.083 Command    udi_interface.interface DEBUG    interface:_parseInput: DEQUEING longPoll
2026-08-28 08:00:06.083 Command    udi_interface.interface DEBUG    interface:_handleInput: PROCESS longPoll message {} from Polyglot
2026-08-28 08:00:16.811 MQTT       udi_interface.interface DEBUG    interface:_message: QUEUING incoming message shortPoll
2026-08-28 08:00:16.811 Command    udi_interface.interface DEBUG    interface:_parseInput: DEQUEING shortPoll
2026-08-28 08:00:16.811 Command    udi_interface.interface DEBUG    interface:_handleInput: PROCESS shortPoll message {} from Polyglot
2026-08-28 08:01:16.822 MQTT       udi_interface.interface DEBUG    interface:_message: QUEUING incoming message shortPoll
2026-08-28 08:01:16.822 Command    udi_interface.interface DEBUG    interface:_parseInput: DEQUEING shortPoll
2026-08-28 08:01:16.822 Command    udi_interface.interface DEBUG    interface:_handleInput: PROCESS shortPoll message {} from Polyglot
2026-08-28 08:02:16.833 MQTT       udi_interface.interface DEBUG    interface:_message: QUEUING incoming message shortPoll
2026-08-28 08:02:16.833 Command    udi_interface.interface DEBUG    interface:_parseInput: DEQUEING shortPoll
2026-08-28 08:02:16.833 Command    udi_interface.interface DEBUG    interface:_handleInput: PROCESS shortPoll message {} from Polyglot
2026-08-28 08:03:16.836 MQTT       udi_interface.interface DEBUG    interface:_message: QUEUING incoming message shortPoll
2026-08-28 08:03:16.836 Command    udi_interface.interface DEBUG    interface:_parseInput: DEQUEING shortPoll
2026-08-28 08:03:16.836 Command    udi_interface.interface DEBUG    interface:_handleInput: PROCESS shortPoll message {} from Polyglot
2026-08-28 08:04:16.842 MQTT       udi_interface.interface DEBUG    interface:_message: QUEUING incoming message shortPoll
2026-08-28 08:04:16.842 Command    udi_interface.interface DEBUG    interface:_parseInput: DEQUEING shortPoll
2026-08-28 08:04:16.842 Command    udi_interface.interface DEBUG    interface:_handleInput: PROCESS shortPoll message {} from Polyglot
2026-08-28 08:05:06.086 MQTT       udi_interface.interface DEBUG    interface:_message: QUEUING incoming message longPoll
2026-08-28 08:05:06.086 Command    udi_interface.interface DEBUG    interface:_parseInput: DEQUEING longPoll
2026-08-28 08:05:06.087 Command    udi_interface.interface DEBUG    interface:_handleInput: PROCESS longPoll message {} from Polyglot
2026-08-28 08:05:16.851 MQTT       udi_interface.interface DEBUG    interface:_message: QUEUING incoming message shortPoll
2026-08-28 08:05:16.852 Command    udi_interface.interface DEBUG    interface:_parseInput: DEQUEING shortPoll
2026-08-28 08:05:16.852 Command    udi_interface.interface DEBUG    interface:_handleInput: PROCESS shortPoll message {} from Polyglot
2026-08-28 08:06:16.856 MQTT       udi_interface.interface DEBUG    interface:_message: QUEUING incoming message shortPoll
2026-08-28 08:06:16.856 Command    udi_interface.interface DEBUG    interface:_parseInput: DEQUEING shortPoll
2026-08-28 08:06:16.856 Command    udi_interface.interface DEBUG    interface:_handleInput: PROCESS shortPoll message {} from Polyglot
2026-08-28 08:07:16.866 MQTT       udi_interface.interface DEBUG    interface:_message: QUEUING incoming message shortPoll
2026-08-28 08:07:16.866 Command    udi_interface.interface DEBUG    interface:_parseInput: DEQUEING shortPoll
2026-08-28 08:07:16.866 Command    udi_interface.interface DEBUG    interface:_handleInput: PROCESS shortPoll message {} from Polyglot
2026-08-28 08:08:16.872 MQTT       udi_interface.interface DEBUG    interface:_message: QUEUING incoming message shortPoll
2026-08-28 08:08:16.872 Command    udi_interface.interface DEBUG    interface:_parseInput: DEQUEING shortPoll
2026-08-28 08:08:16.872 Command    udi_interface.interface DEBUG    interface:_handleInput: PROCESS shortPoll message {} from Polyglot
2026-08-28 08:09:16.875 MQTT       udi_interface.interface DEBUG    interface:_message: QUEUING incoming message shortPoll
2026-08-28 08:09:16.876 Command    udi_interface.interface DEBUG    interface:_parseInput: DEQUEING shortPoll
2026-08-28 08:09:16.876 Command    udi_interface.interface DEBUG    interface:_handleInput: PROCESS shortPoll message {} from Polyglot
2026-08-28 08:10:06.087 MQTT       udi_interface.interface DEBUG    interface:_message: QUEUING incoming message longPoll
2026-08-28 08:10:06.087 Command    udi_interface.interface DEBUG    interface:_parseInput: DEQUEING longPoll
2026-08-28 08:10:06.087 Command    udi_interface.interface DEBUG    interface:_handleInput: PROCESS longPoll message {} from Polyglot
2026-08-28 08:10:16.883 MQTT       udi_interface.interface DEBUG    interface:_message: QUEUING incoming message shortPoll
2026-08-28 08:10:16.883 Command    udi_interface.interface DEBUG    interface:_parseInput: DEQUEING shortPoll
2026-08-28 08:10:16.883 Command    udi_interface.interface DEBUG    interface:_handleInput: PROCESS shortPoll message {} from Polyglot
2026-08-28 08:11:16.891 MQTT       udi_interface.interface DEBUG    interface:_message: QUEUING incoming message shortPoll
2026-08-28 08:11:16.891 Command    udi_interface.interface DEBUG    interface:_parseInput: DEQUEING shortPoll
2026-08-28 08:11:16.892 Command    udi_interface.interface DEBUG    interface:_handleInput: PROCESS shortPoll message {} from Polyglot
2026-08-28 08:12:16.897 MQTT       udi_interface.interface DEBUG    interface:_message: QUEUING incoming message shortPoll
2026-08-28 08:12:16.897 Command    udi_interface.interface DEBUG    interface:_parseInput: DEQUEING shortPoll
2026-08-28 08:12:16.897 Command    udi_interface.interface DEBUG    interface:_handleInput: PROCESS shortPoll message {} from Polyglot
2026-08-28 08:13:16.908 MQTT       udi_interface.interface DEBUG    interface:_message: QUEUING incoming message shortPoll
2026-08-28 08:13:16.908 Command    udi_interface.interface DEBUG    interface:_parseInput: DEQUEING shortPoll
2026-08-28 08:13:16.908 Command    udi_interface.interface DEBUG    interface:_handleInput: PROCESS shortPoll message {} from Polyglot
2026-08-28 08:14:16.909 MQTT       udi_interface.interface DEBUG    interface:_message: QUEUING incoming message shortPoll
2026-08-28 08:14:16.909 Command    udi_interface.interface DEBUG    interface:_parseInput: DEQUEING shortPoll
2026-08-28 08:14:16.910 Command    udi_interface.interface DEBUG    interface:_handleInput: PROCESS shortPoll message {} from Polyglot
2026-08-28 08:15:06.091 MQTT       udi_interface.interface DEBUG    interface:_message: QUEUING incoming message longPoll
2026-08-28 08:15:06.092 Command    udi_interface.interface DEBUG    interface:_parseInput: DEQUEING longPoll
2026-08-28 08:15:06.092 Command    udi_interface.interface DEBUG    interface:_handleInput: PROCESS longPoll message {} from Polyglot
2026-08-28 08:15:16.914 MQTT       udi_interface.interface DEBUG    interface:_message: QUEUING incoming message shortPoll
2026-08-28 08:15:16.914 Command    udi_interface.interface DEBUG    interface:_parseInput: DEQUEING shortPoll
2026-08-28 08:15:16.915 Command    udi_interface.interface DEBUG    interface:_handleInput: PROCESS shortPoll message {} from Polyglot
2026-08-28 08:16:16.925 MQTT       udi_interface.interface DEBUG    interface:_message: QUEUING incoming message shortPoll
2026-08-28 08:16:16.925 Command    udi_interface.interface DEBUG    interface:_parseInput: DEQUEING shortPoll
2026-08-28 08:16:16.925 Command    udi_interface.interface DEBUG    interface:_handleInput: PROCESS shortPoll message {} from Polyglot
2026-08-28 08:17:16.935 MQTT       udi_interface.interface DEBUG    interface:_message: QUEUING incoming message shortPoll
2026-08-28 08:17:16.935 Command    udi_interface.interface DEBUG    interface:_parseInput: DEQUEING shortPoll
2026-08-28 08:17:16.935 Command    udi_interface.interface DEBUG    interface:_handleInput: PROCESS shortPoll message {} from Polyglot
2026-08-28 08:18:16.937 MQTT       udi_interface.interface DEBUG    interface:_message: QUEUING incoming message shortPoll
2026-08-28 08:18:16.938 Command    udi_interface.interface DEBUG    interface:_parseInput: DEQUEING shortPoll
2026-08-28 08:18:16.938 Command    udi_interface.interface DEBUG    interface:_handleInput: PROCESS shortPoll message {} from Polyglot
2026-08-28 08:19:16.943 MQTT       udi_interface.interface DEBUG    interface:_message: QUEUING incoming message shortPoll
2026-08-28 08:19:16.943 Command    udi_interface.interface DEBUG    interface:_parseInput: DEQUEING shortPoll
2026-08-28 08:19:16.943 Command    udi_interface.interface DEBUG    interface:_handleInput: PROCESS shortPoll message {} from Polyglot
2026-08-28 08:20:06.095 MQTT       udi_interface.interface DEBUG    interface:_message: QUEUING incoming message longPoll
2026-08-28 08:20:06.095 Command    udi_interface.interface DEBUG    interface:_parseInput: DEQUEING longPoll
2026-08-28 08:20:06.095 Command    udi_interface.interface DEBUG    interface:_handleInput: PROCESS longPoll message {} from Polyglot
2026-08-28 08:20:16.950 MQTT       udi_interface.interface DEBUG    interface:_message: QUEUING incoming message shortPoll
2026-08-28 08:20:16.950 Command    udi_interface.interface DEBUG    interface:_parseInput: DEQUEING shortPoll
2026-08-28 08:20:16.950 Command    udi_interface.interface DEBUG    interface:_handleInput: PROCESS shortPoll message {} from Polyglot
2026-08-28 08:21:16.956 MQTT       udi_interface.interface DEBUG    interface:_message: QUEUING incoming message shortPoll
2026-08-28 08:21:16.957 Command    udi_interface.interface DEBUG    interface:_parseInput: DEQUEING shortPoll
2026-08-28 08:21:16.957 Command    udi_interface.interface DEBUG    interface:_handleInput: PROCESS shortPoll message {} from Polyglot
2026-08-28 08:22:16.958 MQTT       udi_interface.interface DEBUG    interface:_message: QUEUING incoming message shortPoll
2026-08-28 08:22:16.958 Command    udi_interface.interface DEBUG    interface:_parseInput: DEQUEING shortPoll
2026-08-28 08:22:16.958 Command    udi_interface.interface DEBUG    interface:_handleInput: PROCESS shortPoll message {} from Polyglot
2026-08-28 08:23:16.973 MQTT       udi_interface.interface DEBUG    interface:_message: QUEUING incoming message shortPoll
2026-08-28 08:23:16.974 Command    udi_interface.interface DEBUG    interface:_parseInput: DEQUEING shortPoll
2026-08-28 08:23:16.975 Command    udi_interface.interface DEBUG    interface:_handleInput: PROCESS shortPoll message {} from Polyglot
2026-08-28 08:24:16.970 MQTT       udi_interface.interface DEBUG    interface:_message: QUEUING incoming message shortPoll
2026-08-28 08:24:16.971 Command    udi_interface.interface DEBUG    interface:_parseInput: DEQUEING shortPoll
2026-08-28 08:24:16.971 Command    udi_interface.interface DEBUG    interface:_handleInput: PROCESS shortPoll message {} from Polyglot
2026-08-28 08:25:06.099 MQTT       udi_interface.interface DEBUG    interface:_message: QUEUING incoming message longPoll
2026-08-28 08:25:06.100 Command    udi_interface.interface DEBUG    interface:_parseInput: DEQUEING longPoll
2026-08-28 08:25:06.100 Command    udi_interface.interface DEBUG    interface:_handleInput: PROCESS longPoll message {} from Polyglot
2026-08-28 08:25:16.983 MQTT       udi_interface.interface DEBUG    interface:_message: QUEUING incoming message shortPoll
2026-08-28 08:25:16.983 Command    udi_interface.interface DEBUG    interface:_parseInput: DEQUEING shortPoll
2026-08-28 08:25:16.983 Command    udi_interface.interface DEBUG    interface:_handleInput: PROCESS shortPoll message {} from Polyglot
2026-08-28 08:26:16.980 MQTT       udi_interface.interface DEBUG    interface:_message: QUEUING incoming message shortPoll
2026-08-28 08:26:16.981 Command    udi_interface.interface DEBUG    interface:_parseInput: DEQUEING shortPoll
2026-08-28 08:26:16.981 Command    udi_interface.interface DEBUG    interface:_handleInput: PROCESS shortPoll message {} from Polyglot
2026-08-28 08:27:16.980 MQTT       udi_interface.interface DEBUG    interface:_message: QUEUING incoming message shortPoll
2026-08-28 08:27:16.980 Command    udi_interface.interface DEBUG    interface:_parseInput: DEQUEING shortPoll
2026-08-28 08:27:16.981 Command    udi_interface.interface DEBUG    interface:_handleInput: PROCESS shortPoll message {} from Polyglot
2026-08-28 08:28:16.982 MQTT       udi_interface.interface DEBUG    interface:_message: QUEUING incoming message shortPoll
2026-08-28 08:28:16.982 Command    udi_interface.interface DEBUG    interface:_parseInput: DEQUEING shortPoll
2026-08-28 08:28:16.982 Command    udi_interface.interface DEBUG    interface:_handleInput: PROCESS shortPoll message {} from Polyglot
2026-08-28 08:29:16.986 MQTT       udi_interface.interface DEBUG    interface:_message: QUEUING incoming message shortPoll
2026-08-28 08:29:16.986 Command    udi_interface.interface DEBUG    interface:_parseInput: DEQUEING shortPoll
2026-08-28 08:29:16.986 Command    udi_interface.interface DEBUG    interface:_handleInput: PROCESS shortPoll message {} from Polyglot
2026-08-28 08:30:06.104 MQTT       udi_interface.interface DEBUG    interface:_message: QUEUING incoming message longPoll
2026-08-28 08:30:06.104 Command    udi_interface.interface DEBUG    interface:_parseInput: DEQUEING longPoll
2026-08-28 08:30:06.104 Command    udi_interface.interface DEBUG    interface:_handleInput: PROCESS longPoll message {} from Polyglot
2026-08-28 08:30:16.990 MQTT       udi_interface.interface DEBUG    interface:_message: QUEUING incoming message shortPoll
2026-08-28 08:30:16.991 Command    udi_interface.interface DEBUG    interface:_parseInput: DEQUEING shortPoll
2026-08-28 08:30:16.991 Command    udi_interface.interface DEBUG    interface:_handleInput: PROCESS shortPoll message {} from Polyglot
2026-08-28 08:31:16.997 MQTT       udi_interface.interface DEBUG    interface:_message: QUEUING incoming message shortPoll
2026-08-28 08:31:16.997 Command    udi_interface.interface DEBUG    interface:_parseInput: DEQUEING shortPoll
2026-08-28 08:31:16.997 Command    udi_interface.interface DEBUG    interface:_handleInput: PROCESS shortPoll message {} from Polyglot
2026-08-28 08:32:16.999 MQTT       udi_interface.interface DEBUG    interface:_message: QUEUING incoming message shortPoll
2026-08-28 08:32:16.999 Command    udi_interface.interface DEBUG    interface:_parseInput: DEQUEING shortPoll
2026-08-28 08:32:16.999 Command    udi_interface.interface DEBUG    interface:_handleInput: PROCESS shortPoll message {} from Polyglot
2026-08-28 08:33:17.000 MQTT       udi_interface.interface DEBUG    interface:_message: QUEUING incoming message shortPoll
2026-08-28 08:33:17.000 Command    udi_interface.interface DEBUG    interface:_parseInput: DEQUEING shortPoll
2026-08-28 08:33:17.000 Command    udi_interface.interface DEBUG    interface:_handleInput: PROCESS shortPoll message {} from Polyglot
2026-08-28 08:34:17.007 MQTT       udi_interface.interface DEBUG    interface:_message: QUEUING incoming message shortPoll
2026-08-28 08:34:17.008 Command    udi_interface.interface DEBUG    interface:_parseInput: DEQUEING shortPoll
2026-08-28 08:34:17.008 Command    udi_interface.interface DEBUG    interface:_handleInput: PROCESS shortPoll message {} from Polyglot
2026-08-28 08:35:06.111 MQTT       udi_interface.interface DEBUG    interface:_message: QUEUING incoming message longPoll
2026-08-28 08:35:06.111 Command    udi_interface.interface DEBUG    interface:_parseInput: DEQUEING longPoll
2026-08-28 08:35:06.111 Command    udi_interface.interface DEBUG    interface:_handleInput: PROCESS longPoll message {} from Polyglot
2026-08-28 08:35:17.010 MQTT       udi_interface.interface DEBUG    interface:_message: QUEUING incoming message shortPoll
2026-08-28 08:35:17.010 Command    udi_interface.interface DEBUG    interface:_parseInput: DEQUEING shortPoll
2026-08-28 08:35:17.010 Command    udi_interface.interface DEBUG    interface:_handleInput: PROCESS shortPoll message {} from Polyglot
2026-08-28 08:36:17.021 MQTT       udi_interface.interface DEBUG    interface:_message: QUEUING incoming message shortPoll
2026-08-28 08:36:17.021 Command    udi_interface.interface DEBUG    interface:_parseInput: DEQUEING shortPoll
2026-08-28 08:36:17.021 Command    udi_interface.interface DEBUG    interface:_handleInput: PROCESS shortPoll message {} from Polyglot
2026-08-28 08:37:17.029 MQTT       udi_interface.interface DEBUG    interface:_message: QUEUING incoming message shortPoll
2026-08-28 08:37:17.029 Command    udi_interface.interface DEBUG    interface:_parseInput: DEQUEING shortPoll
2026-08-28 08:37:17.029 Command    udi_interface.interface DEBUG    interface:_handleInput: PROCESS shortPoll message {} from Polyglot
2026-08-28 08:38:17.035 MQTT       udi_interface.interface DEBUG    interface:_message: QUEUING incoming message shortPoll
2026-08-28 08:38:17.035 Command    udi_interface.interface DEBUG    interface:_parseInput: DEQUEING shortPoll
2026-08-28 08:38:17.035 Command    udi_interface.interface DEBUG    interface:_handleInput: PROCESS shortPoll message {} from Polyglot
2026-08-28 08:39:17.038 MQTT       udi_interface.interface DEBUG    interface:_message: QUEUING incoming message shortPoll
2026-08-28 08:39:17.038 Command    udi_interface.interface DEBUG    interface:_parseInput: DEQUEING shortPoll
2026-08-28 08:39:17.038 Command    udi_interface.interface DEBUG    interface:_handleInput: PROCESS shortPoll message {} from Polyglot
2026-08-28 08:40:06.112 MQTT       udi_interface.interface DEBUG    interface:_message: QUEUING incoming message longPoll
2026-08-28 08:40:06.112 Command    udi_interface.interface DEBUG    interface:_parseInput: DEQUEING longPoll
2026-08-28 08:40:06.112 Command    udi_interface.interface DEBUG    interface:_handleInput: PROCESS longPoll message {} from Polyglot
2026-08-28 08:40:17.038 MQTT       udi_interface.interface DEBUG    interface:_message: QUEUING incoming message shortPoll
2026-08-28 08:40:17.038 Command    udi_interface.interface DEBUG    interface:_parseInput: DEQUEING shortPoll
2026-08-28 08:40:17.039 Command    udi_interface.interface DEBUG    interface:_handleInput: PROCESS shortPoll message {} from Polyglot
2026-08-28 08:41:17.040 MQTT       udi_interface.interface DEBUG    interface:_message: QUEUING incoming message shortPoll
2026-08-28 08:41:17.040 Command    udi_interface.interface DEBUG    interface:_parseInput: DEQUEING shortPoll
2026-08-28 08:41:17.041 Command    udi_interface.interface DEBUG    interface:_handleInput: PROCESS shortPoll message {} from Polyglot
2026-08-28 08:42:17.047 MQTT       udi_interface.interface DEBUG    interface:_message: QUEUING incoming message shortPoll
2026-08-28 08:42:17.047 Command    udi_interface.interface DEBUG    interface:_parseInput: DEQUEING shortPoll
2026-08-28 08:42:17.047 Command    udi_interface.interface DEBUG    interface:_handleInput: PROCESS shortPoll message {} from Polyglot
2026-08-28 08:43:17.050 MQTT       udi_interface.interface DEBUG    interface:_message: QUEUING incoming message shortPoll
2026-08-28 08:43:17.050 Command    udi_interface.interface DEBUG    interface:_parseInput: DEQUEING shortPoll
2026-08-28 08:43:17.050 Command    udi_interface.interface DEBUG    interface:_handleInput: PROCESS shortPoll message {} from Polyglot
2026-08-28 08:44:17.058 MQTT       udi_interface.interface DEBUG    interface:_message: QUEUING incoming message shortPoll
2026-08-28 08:44:17.058 Command    udi_interface.interface DEBUG    interface:_parseInput: DEQUEING shortPoll
2026-08-28 08:44:17.058 Command    udi_interface.interface DEBUG    interface:_handleInput: PROCESS shortPoll message {} from Polyglot
2026-08-28 08:45:06.118 MQTT       udi_interface.interface DEBUG    interface:_message: QUEUING incoming message longPoll
2026-08-28 08:45:06.118 Command    udi_interface.interface DEBUG    interface:_parseInput: DEQUEING longPoll
2026-08-28 08:45:06.118 Command    udi_interface.interface DEBUG    interface:_handleInput: PROCESS longPoll message {} from Polyglot
2026-08-28 08:45:17.067 MQTT       udi_interface.interface DEBUG    interface:_message: QUEUING incoming message shortPoll
2026-08-28 08:45:17.067 Command    udi_interface.interface DEBUG    interface:_parseInput: DEQUEING shortPoll
2026-08-28 08:45:17.067 Command    udi_interface.interface DEBUG    interface:_handleInput: PROCESS shortPoll message {} from Polyglot
2026-08-28 08:46:17.073 MQTT       udi_interface.interface DEBUG    interface:_message: QUEUING incoming message shortPoll
2026-08-28 08:46:17.073 Command    udi_interface.interface DEBUG    interface:_parseInput: DEQUEING shortPoll
2026-08-28 08:46:17.073 Command    udi_interface.interface DEBUG    interface:_handleInput: PROCESS shortPoll message {} from Polyglot
2026-08-28 08:47:17.079 MQTT       udi_interface.interface DEBUG    interface:_message: QUEUING incoming message shortPoll
2026-08-28 08:47:17.079 Command    udi_interface.interface DEBUG    interface:_parseInput: DEQUEING shortPoll
2026-08-28 08:47:17.080 Command    udi_interface.interface DEBUG    interface:_handleInput: PROCESS shortPoll message {} from Polyglot
2026-08-28 08:48:17.086 MQTT       udi_interface.interface DEBUG    interface:_message: QUEUING incoming message shortPoll
2026-08-28 08:48:17.086 Command    udi_interface.interface DEBUG    interface:_parseInput: DEQUEING shortPoll
2026-08-28 08:48:17.086 Command    udi_interface.interface DEBUG    interface:_handleInput: PROCESS shortPoll message {} from Polyglot
2026-08-28 08:49:17.086 MQTT       udi_interface.interface DEBUG    interface:_message: QUEUING incoming message shortPoll
2026-08-28 08:49:17.087 Command    udi_interface.interface DEBUG    interface:_parseInput: DEQUEING shortPoll
2026-08-28 08:49:17.087 Command    udi_interface.interface DEBUG    interface:_handleInput: PROCESS shortPoll message {} from Polyglot
2026-08-28 08:50:06.123 MQTT       udi_interface.interface DEBUG    interface:_message: QUEUING incoming message longPoll
2026-08-28 08:50:06.123 Command    udi_interface.interface DEBUG    interface:_parseInput: DEQUEING longPoll
2026-08-28 08:50:06.123 Command    udi_interface.interface DEBUG    interface:_handleInput: PROCESS longPoll message {} from Polyglot
2026-08-28 08:50:17.094 MQTT       udi_interface.interface DEBUG    interface:_message: QUEUING incoming message shortPoll
2026-08-28 08:50:17.094 Command    udi_interface.interface DEBUG    interface:_parseInput: DEQUEING shortPoll
2026-08-28 08:50:17.095 Command    udi_interface.interface DEBUG    interface:_handleInput: PROCESS shortPoll message {} from Polyglot
2026-08-28 08:51:17.110 MQTT       udi_interface.interface DEBUG    interface:_message: QUEUING incoming message shortPoll
2026-08-28 08:51:17.111 Command    udi_interface.interface DEBUG    interface:_parseInput: DEQUEING shortPoll
2026-08-28 08:51:17.111 Command    udi_interface.interface DEBUG    interface:_handleInput: PROCESS shortPoll message {} from Polyglot
2026-08-28 08:52:17.107 MQTT       udi_interface.interface DEBUG    interface:_message: QUEUING incoming message shortPoll
2026-08-28 08:52:17.107 Command    udi_interface.interface DEBUG    interface:_parseInput: DEQUEING shortPoll
2026-08-28 08:52:17.107 Command    udi_interface.interface DEBUG    interface:_handleInput: PROCESS shortPoll message {} from Polyglot
2026-08-28 08:53:17.117 MQTT       udi_interface.interface DEBUG    interface:_message: QUEUING incoming message shortPoll
2026-08-28 08:53:17.118 Command    udi_interface.interface DEBUG    interface:_parseInput: DEQUEING shortPoll
2026-08-28 08:53:17.118 Command    udi_interface.interface DEBUG    interface:_handleInput: PROCESS shortPoll message {} from Polyglot
2026-08-28 08:54:17.121 MQTT       udi_interface.interface DEBUG    interface:_message: QUEUING incoming message shortPoll
2026-08-28 08:54:17.121 Command    udi_interface.interface DEBUG    interface:_parseInput: DEQUEING shortPoll
2026-08-28 08:54:17.121 Command    udi_interface.interface DEBUG    interface:_handleInput: PROCESS shortPoll message {} from Polyglot
2026-08-28 08:55:06.124 MQTT       udi_interface.interface DEBUG    interface:_message: QUEUING incoming message longPoll
2026-08-28 08:55:06.124 Command    udi_interface.interface DEBUG    interface:_parseInput: DEQUEING longPoll
2026-08-28 08:55:06.124 Command    udi_interface.interface DEBUG    interface:_handleInput: PROCESS longPoll message {} from Polyglot
2026-08-28 08:55:17.120 MQTT       udi_interface.interface DEBUG    interface:_message: QUEUING incoming message shortPoll
2026-08-28 08:55:17.120 Command    udi_interface.interface DEBUG    interface:_parseInput: DEQUEING shortPoll
2026-08-28 08:55:17.120 Command    udi_interface.interface DEBUG    interface:_handleInput: PROCESS shortPoll message {} from Polyglot
2026-08-28 08:56:17.125 MQTT       udi_interface.interface DEBUG    interface:_message: QUEUING incoming message shortPoll
2026-08-28 08:56:17.125 Command    udi_interface.interface DEBUG    interface:_parseInput: DEQUEING shortPoll
2026-08-28 08:56:17.126 Command    udi_interface.interface DEBUG    interface:_handleInput: PROCESS shortPoll message {} from Polyglot
2026-08-28 08:57:17.130 MQTT       udi_interface.interface DEBUG    interface:_message: QUEUING incoming message shortPoll
2026-08-28 08:57:17.131 Command    udi_interface.interface DEBUG    interface:_parseInput: DEQUEING shortPoll
2026-08-28 08:57:17.131 Command    udi_interface.interface DEBUG    interface:_handleInput: PROCESS shortPoll message {} from Polyglot
2026-08-28 08:58:17.133 MQTT       udi_interface.interface DEBUG    interface:_message: QUEUING incoming message shortPoll
2026-08-28 08:58:17.133 Command    udi_interface.interface DEBUG    interface:_parseInput: DEQUEING shortPoll
2026-08-28 08:58:17.133 Command    udi_interface.interface DEBUG    interface:_handleInput: PROCESS shortPoll message {} from Polyglot
2026-08-28 08:59:17.139 MQTT       udi_interface.interface DEBUG    interface:_message: QUEUING incoming message shortPoll
2026-08-28 08:59:17.140 Command    udi_interface.interface DEBUG    interface:_parseInput: DEQUEING shortPoll
2026-08-28 08:59:17.140 Command    udi_interface.interface DEBUG    interface:_handleInput: PROCESS shortPoll message {} from Polyglot
2026-08-28 09:00:06.126 MQTT       udi_interface.interface DEBUG    interface:_message: QUEUING incoming message longPoll
2026-08-28 09:00:06.126 Command    udi_interface.interface DEBUG    interface:_parseInput: DEQUEING longPoll
2026-08-28 09:00:06.126 Command    udi_interface.interface DEBUG    interface:_handleInput: PROCESS longPoll message {} from Polyglot
2026-08-28 09:00:17.140 MQTT       udi_interface.interface DEBUG    interface:_message: QUEUING incoming message shortPoll
2026-08-28 09:00:17.140 Command    udi_interface.interface DEBUG    interface:_parseInput: DEQUEING shortPoll
2026-08-28 09:00:17.141 Command    udi_interface.interface DEBUG    interface:_handleInput: PROCESS shortPoll message {} from Polyglot
2026-08-28 09:01:17.145 MQTT       udi_interface.interface DEBUG    interface:_message: QUEUING incoming message shortPoll
2026-08-28 09:01:17.145 Command    udi_interface.interface DEBUG    interface:_parseInput: DEQUEING shortPoll
2026-08-28 09:01:17.146 Command    udi_interface.interface DEBUG    interface:_handleInput: PROCESS shortPoll message {} from Polyglot
2026-08-28 09:02:17.151 MQTT       udi_interface.interface DEBUG    interface:_message: QUEUING incoming message shortPoll
2026-08-28 09:02:17.151 Command    udi_interface.interface DEBUG    interface:_parseInput: DEQUEING shortPoll
2026-08-28 09:02:17.152 Command    udi_interface.interface DEBUG    interface:_handleInput: PROCESS shortPoll message {} from Polyglot
2026-08-28 09:03:17.157 MQTT       udi_interface.interface DEBUG    interface:_message: QUEUING incoming message shortPoll
2026-08-28 09:03:17.158 Command    udi_interface.interface DEBUG    interface:_parseInput: DEQUEING shortPoll
2026-08-28 09:03:17.158 Command    udi_interface.interface DEBUG    interface:_handleInput: PROCESS shortPoll message {} from Polyglot
2026-08-28 09:04:17.167 MQTT       udi_interface.interface DEBUG    interface:_message: QUEUING incoming message shortPoll
2026-08-28 09:04:17.167 Command    udi_interface.interface DEBUG    interface:_parseInput: DEQUEING shortPoll
2026-08-28 09:04:17.172 Command    udi_interface.interface DEBUG    interface:_handleInput: PROCESS shortPoll message {} from Polyglot
2026-08-28 09:05:06.128 MQTT       udi_interface.interface DEBUG    interface:_message: QUEUING incoming message longPoll
2026-08-28 09:05:06.128 Command    udi_interface.interface DEBUG    interface:_parseInput: DEQUEING longPoll
2026-08-28 09:05:06.129 Command    udi_interface.interface DEBUG    interface:_handleInput: PROCESS longPoll message {} from Polyglot
2026-08-28 09:05:17.207 MQTT       udi_interface.interface DEBUG    interface:_message: QUEUING incoming message shortPoll
2026-08-28 09:05:17.207 Command    udi_interface.interface DEBUG    interface:_parseInput: DEQUEING shortPoll
2026-08-28 09:05:17.207 Command    udi_interface.interface DEBUG    interface:_handleInput: PROCESS shortPoll message {} from Polyglot
2026-08-28 09:06:17.179 MQTT       udi_interface.interface DEBUG    interface:_message: QUEUING incoming message shortPoll
2026-08-28 09:06:17.180 Command    udi_interface.interface DEBUG    interface:_parseInput: DEQUEING shortPoll
2026-08-28 09:06:17.180 Command    udi_interface.interface DEBUG    interface:_handleInput: PROCESS shortPoll message {} from Polyglot
2026-08-28 09:07:17.183 MQTT       udi_interface.interface DEBUG    interface:_message: QUEUING incoming message shortPoll
2026-08-28 09:07:17.183 Command    udi_interface.interface DEBUG    interface:_parseInput: DEQUEING shortPoll
2026-08-28 09:07:17.183 Command    udi_interface.interface DEBUG    interface:_handleInput: PROCESS shortPoll message {} from Polyglot
2026-08-28 09:08:17.191 MQTT       udi_interface.interface DEBUG    interface:_message: QUEUING incoming message shortPoll
2026-08-28 09:08:17.191 Command    udi_interface.interface DEBUG    interface:_parseInput: DEQUEING shortPoll
2026-08-28 09:08:17.191 Command    udi_interface.interface DEBUG    interface:_handleInput: PROCESS shortPoll message {} from Polyglot
2026-08-28 09:09:17.194 MQTT       udi_interface.interface DEBUG    interface:_message: QUEUING incoming message shortPoll
2026-08-28 09:09:17.195 Command    udi_interface.interface DEBUG    interface:_parseInput: DEQUEING shortPoll
2026-08-28 09:09:17.195 Command    udi_interface.interface DEBUG    interface:_handleInput: PROCESS shortPoll message {} from Polyglot
2026-08-28 09:10:06.130 MQTT       udi_interface.interface DEBUG    interface:_message: QUEUING incoming message longPoll
2026-08-28 09:10:06.130 Command    udi_interface.interface DEBUG    interface:_parseInput: DEQUEING longPoll
2026-08-28 09:10:06.130 Command    udi_interface.interface DEBUG    interface:_handleInput: PROCESS longPoll message {} from Polyglot
2026-08-28 09:10:17.214 MQTT       udi_interface.interface DEBUG    interface:_message: QUEUING incoming message shortPoll
2026-08-28 09:10:17.214 Command    udi_interface.interface DEBUG    interface:_parseInput: DEQUEING shortPoll
2026-08-28 09:10:17.214 Command    udi_interface.interface DEBUG    interface:_handleInput: PROCESS shortPoll message {} from Polyglot
2026-08-28 09:11:17.205 MQTT       udi_interface.interface DEBUG    interface:_message: QUEUING incoming message shortPoll
2026-08-28 09:11:17.205 Command    udi_interface.interface DEBUG    interface:_parseInput: DEQUEING shortPoll
2026-08-28 09:11:17.205 Command    udi_interface.interface DEBUG    interface:_handleInput: PROCESS shortPoll message {} from Polyglot
2026-08-28 09:12:17.216 MQTT       udi_interface.interface DEBUG    interface:_message: QUEUING incoming message shortPoll
2026-08-28 09:12:17.216 Command    udi_interface.interface DEBUG    interface:_parseInput: DEQUEING shortPoll
2026-08-28 09:12:17.216 Command    udi_interface.interface DEBUG    interface:_handleInput: PROCESS shortPoll message {} from Polyglot
2026-08-28 09:13:17.217 MQTT       udi_interface.interface DEBUG    interface:_message: QUEUING incoming message shortPoll
2026-08-28 09:13:17.218 Command    udi_interface.interface DEBUG    interface:_parseInput: DEQUEING shortPoll
2026-08-28 09:13:17.218 Command    udi_interface.interface DEBUG    interface:_handleInput: PROCESS shortPoll message {} from Polyglot
2026-08-28 09:14:17.222 MQTT       udi_interface.interface DEBUG    interface:_message: QUEUING incoming message shortPoll
2026-08-28 09:14:17.222 Command    udi_interface.interface DEBUG    interface:_parseInput: DEQUEING shortPoll
2026-08-28 09:14:17.222 Command    udi_interface.interface DEBUG    interface:_handleInput: PROCESS shortPoll message {} from Polyglot
2026-08-28 09:15:06.135 MQTT       udi_interface.interface DEBUG    interface:_message: QUEUING incoming message longPoll
2026-08-28 09:15:06.135 Command    udi_interface.interface DEBUG    interface:_parseInput: DEQUEING longPoll
2026-08-28 09:15:06.135 Command    udi_interface.interface DEBUG    interface:_handleInput: PROCESS longPoll message {} from Polyglot
2026-08-28 09:15:17.224 MQTT       udi_interface.interface DEBUG    interface:_message: QUEUING incoming message shortPoll
2026-08-28 09:15:17.224 Command    udi_interface.interface DEBUG    interface:_parseInput: DEQUEING shortPoll
2026-08-28 09:15:17.224 Command    udi_interface.interface DEBUG    interface:_handleInput: PROCESS shortPoll message {} from Polyglot
2026-08-28 09:16:17.232 MQTT       udi_interface.interface DEBUG    interface:_message: QUEUING incoming message shortPoll
2026-08-28 09:16:17.232 Command    udi_interface.interface DEBUG    interface:_parseInput: DEQUEING shortPoll
2026-08-28 09:16:17.232 Command    udi_interface.interface DEBUG    interface:_handleInput: PROCESS shortPoll message {} from Polyglot
2026-08-28 09:17:17.233 MQTT       udi_interface.interface DEBUG    interface:_message: QUEUING incoming message shortPoll
2026-08-28 09:17:17.233 Command    udi_interface.interface DEBUG    interface:_parseInput: DEQUEING shortPoll
2026-08-28 09:17:17.233 Command    udi_interface.interface DEBUG    interface:_handleInput: PROCESS shortPoll message {} from Polyglot
2026-08-28 09:18:17.236 MQTT       udi_interface.interface DEBUG    interface:_message: QUEUING incoming message shortPoll
2026-08-28 09:18:17.237 Command    udi_interface.interface DEBUG    interface:_parseInput: DEQUEING shortPoll
2026-08-28 09:18:17.237 Command    udi_interface.interface DEBUG    interface:_handleInput: PROCESS shortPoll message {} from Polyglot
2026-08-28 09:19:17.238 MQTT       udi_interface.interface DEBUG    interface:_message: QUEUING incoming message shortPoll
2026-08-28 09:19:17.239 Command    udi_interface.interface DEBUG    interface:_parseInput: DEQUEING shortPoll
2026-08-28 09:19:17.239 Command    udi_interface.interface DEBUG    interface:_handleInput: PROCESS shortPoll message {} from Polyglot
2026-08-28 09:20:06.142 MQTT       udi_interface.interface DEBUG    interface:_message: QUEUING incoming message longPoll
2026-08-28 09:20:06.142 Command    udi_interface.interface DEBUG    interface:_parseInput: DEQUEING longPoll
2026-08-28 09:20:06.142 Command    udi_interface.interface DEBUG    interface:_handleInput: PROCESS longPoll message {} from Polyglot
2026-08-28 09:20:17.248 MQTT       udi_interface.interface DEBUG    interface:_message: QUEUING incoming message shortPoll
2026-08-28 09:20:17.248 Command    udi_interface.interface DEBUG    interface:_parseInput: DEQUEING shortPoll
2026-08-28 09:20:17.248 Command    udi_interface.interface DEBUG    interface:_handleInput: PROCESS shortPoll message {} from Polyglot
2026-08-28 09:21:17.258 MQTT       udi_interface.interface DEBUG    interface:_message: QUEUING incoming message shortPoll
2026-08-28 09:21:17.259 Command    udi_interface.interface DEBUG    interface:_parseInput: DEQUEING shortPoll
2026-08-28 09:21:17.259 Command    udi_interface.interface DEBUG    interface:_handleInput: PROCESS shortPoll message {} from Polyglot
2026-08-28 09:22:17.259 MQTT       udi_interface.interface DEBUG    interface:_message: QUEUING incoming message shortPoll
2026-08-28 09:22:17.260 Command    udi_interface.interface DEBUG    interface:_parseInput: DEQUEING shortPoll
2026-08-28 09:22:17.260 Command    udi_interface.interface DEBUG    interface:_handleInput: PROCESS shortPoll message {} from Polyglot
2026-08-28 09:23:17.263 MQTT       udi_interface.interface DEBUG    interface:_message: QUEUING incoming message shortPoll
2026-08-28 09:23:17.264 Command    udi_interface.interface DEBUG    interface:_parseInput: DEQUEING shortPoll
2026-08-28 09:23:17.264 Command    udi_interface.interface DEBUG    interface:_handleInput: PROCESS shortPoll message {} from Polyglot
2026-08-28 09:24:17.265 MQTT       udi_interface.interface DEBUG    interface:_message: QUEUING incoming message shortPoll
2026-08-28 09:24:17.265 Command    udi_interface.interface DEBUG    interface:_parseInput: DEQUEING shortPoll
2026-08-28 09:24:17.265 Command    udi_interface.interface DEBUG    interface:_handleInput: PROCESS shortPoll message {} from Polyglot
2026-08-28 09:25:06.146 MQTT       udi_interface.interface DEBUG    interface:_message: QUEUING incoming message longPoll
2026-08-28 09:25:06.146 Command    udi_interface.interface DEBUG    interface:_parseInput: DEQUEING longPoll
2026-08-28 09:25:06.146 Command    udi_interface.interface DEBUG    interface:_handleInput: PROCESS longPoll message {} from Polyglot
2026-08-28 09:25:17.271 MQTT       udi_interface.interface DEBUG    interface:_message: QUEUING incoming message shortPoll
2026-08-28 09:25:17.272 Command    udi_interface.interface DEBUG    interface:_parseInput: DEQUEING shortPoll
2026-08-28 09:25:17.272 Command    udi_interface.interface DEBUG    interface:_handleInput: PROCESS shortPoll message {} from Polyglot
2026-08-28 09:26:17.279 MQTT       udi_interface.interface DEBUG    interface:_message: QUEUING incoming message shortPoll
2026-08-28 09:26:17.279 Command    udi_interface.interface DEBUG    interface:_parseInput: DEQUEING shortPoll
2026-08-28 09:26:17.279 Command    udi_interface.interface DEBUG    interface:_handleInput: PROCESS shortPoll message {} from Polyglot
2026-08-28 09:27:17.289 MQTT       udi_interface.interface DEBUG    interface:_message: QUEUING incoming message shortPoll
2026-08-28 09:27:17.289 Command    udi_interface.interface DEBUG    interface:_parseInput: DEQUEING shortPoll
2026-08-28 09:27:17.289 Command    udi_interface.interface DEBUG    interface:_handleInput: PROCESS shortPoll message {} from Polyglot
2026-08-28 09:28:17.298 MQTT       udi_interface.interface DEBUG    interface:_message: QUEUING incoming message shortPoll
2026-08-28 09:28:17.298 Command    udi_interface.interface DEBUG    interface:_parseInput: DEQUEING shortPoll
2026-08-28 09:28:17.298 Command    udi_interface.interface DEBUG    interface:_handleInput: PROCESS shortPoll message {} from Polyglot
2026-08-28 09:29:17.300 MQTT       udi_interface.interface DEBUG    interface:_message: QUEUING incoming message shortPoll
2026-08-28 09:29:17.300 Command    udi_interface.interface DEBUG    interface:_parseInput: DEQUEING shortPoll
2026-08-28 09:29:17.300 Command    udi_interface.interface DEBUG    interface:_handleInput: PROCESS shortPoll message {} from Polyglot
2026-08-28 09:30:06.150 MQTT       udi_interface.interface DEBUG    interface:_message: QUEUING incoming message longPoll
2026-08-28 09:30:06.150 Command    udi_interface.interface DEBUG    interface:_parseInput: DEQUEING longPoll
2026-08-28 09:30:06.150 Command    udi_interface.interface DEBUG    interface:_handleInput: PROCESS longPoll message {} from Polyglot
2026-08-28 09:30:17.300 MQTT       udi_interface.interface DEBUG    interface:_message: QUEUING incoming message shortPoll
2026-08-28 09:30:17.300 Command    udi_interface.interface DEBUG    interface:_parseInput: DEQUEING shortPoll
2026-08-28 09:30:17.300 Command    udi_interface.interface DEBUG    interface:_handleInput: PROCESS shortPoll message {} from Polyglot
2026-08-28 09:31:17.311 MQTT       udi_interface.interface DEBUG    interface:_message: QUEUING incoming message shortPoll
2026-08-28 09:31:17.312 Command    udi_interface.interface DEBUG    interface:_parseInput: DEQUEING shortPoll
2026-08-28 09:31:17.312 Command    udi_interface.interface DEBUG    interface:_handleInput: PROCESS shortPoll message {} from Polyglot
2026-08-28 09:32:17.314 MQTT       udi_interface.interface DEBUG    interface:_message: QUEUING incoming message shortPoll
2026-08-28 09:32:17.314 Command    udi_interface.interface DEBUG    interface:_parseInput: DEQUEING shortPoll
2026-08-28 09:32:17.314 Command    udi_interface.interface DEBUG    interface:_handleInput: PROCESS shortPoll message {} from Polyglot
2026-08-28 09:33:17.319 MQTT       udi_interface.interface DEBUG    interface:_message: QUEUING incoming message shortPoll
2026-08-28 09:33:17.319 Command    udi_interface.interface DEBUG    interface:_parseInput: DEQUEING shortPoll
2026-08-28 09:33:17.319 Command    udi_interface.interface DEBUG    interface:_handleInput: PROCESS shortPoll message {} from Polyglot
2026-08-28 09:34:17.320 MQTT       udi_interface.interface DEBUG    interface:_message: QUEUING incoming message shortPoll
2026-08-28 09:34:17.320 Command    udi_interface.interface DEBUG    interface:_parseInput: DEQUEING shortPoll
2026-08-28 09:34:17.321 Command    udi_interface.interface DEBUG    interface:_handleInput: PROCESS shortPoll message {} from Polyglot
2026-08-28 09:35:06.155 MQTT       udi_interface.interface DEBUG    interface:_message: QUEUING incoming message longPoll
2026-08-28 09:35:06.155 Command    udi_interface.interface DEBUG    interface:_parseInput: DEQUEING longPoll
2026-08-28 09:35:06.155 Command    udi_interface.interface DEBUG    interface:_handleInput: PROCESS longPoll message {} from Polyglot
2026-08-28 09:35:17.326 MQTT       udi_interface.interface DEBUG    interface:_message: QUEUING incoming message shortPoll
2026-08-28 09:35:17.326 Command    udi_interface.interface DEBUG    interface:_parseInput: DEQUEING shortPoll
2026-08-28 09:35:17.326 Command    udi_interface.interface DEBUG    interface:_handleInput: PROCESS shortPoll message {} from Polyglot
2026-08-28 09:36:17.327 MQTT       udi_interface.interface DEBUG    interface:_message: QUEUING incoming message shortPoll
2026-08-28 09:36:17.327 Command    udi_interface.interface DEBUG    interface:_parseInput: DEQUEING shortPoll
2026-08-28 09:36:17.327 Command    udi_interface.interface DEBUG    interface:_handleInput: PROCESS shortPoll message {} from Polyglot
2026-08-28 09:37:17.330 MQTT       udi_interface.interface DEBUG    interface:_message: QUEUING incoming message shortPoll
2026-08-28 09:37:17.330 Command    udi_interface.interface DEBUG    interface:_parseInput: DEQUEING shortPoll
2026-08-28 09:37:17.330 Command    udi_interface.interface DEBUG    interface:_handleInput: PROCESS shortPoll message {} from Polyglot
2026-08-28 09:38:17.335 MQTT       udi_interface.interface DEBUG    interface:_message: QUEUING incoming message shortPoll
2026-08-28 09:38:17.335 Command    udi_interface.interface DEBUG    interface:_parseInput: DEQUEING shortPoll
2026-08-28 09:38:17.335 Command    udi_interface.interface DEBUG    interface:_handleInput: PROCESS shortPoll message {} from Polyglot
2026-08-28 09:39:17.339 MQTT       udi_interface.interface DEBUG    interface:_message: QUEUING incoming message shortPoll
2026-08-28 09:39:17.339 Command    udi_interface.interface DEBUG    interface:_parseInput: DEQUEING shortPoll
2026-08-28 09:39:17.339 Command    udi_interface.interface DEBUG    interface:_handleInput: PROCESS shortPoll message {} from Polyglot
2026-08-28 09:40:06.165 MQTT       udi_interface.interface DEBUG    interface:_message: QUEUING incoming message longPoll
2026-08-28 09:40:06.166 Command    udi_interface.interface DEBUG    interface:_parseInput: DEQUEING longPoll
2026-08-28 09:40:06.166 Command    udi_interface.interface DEBUG    interface:_handleInput: PROCESS longPoll message {} from Polyglot
2026-08-28 09:40:17.349 MQTT       udi_interface.interface DEBUG    interface:_message: QUEUING incoming message shortPoll
2026-08-28 09:40:17.349 Command    udi_interface.interface DEBUG    interface:_parseInput: DEQUEING shortPoll
2026-08-28 09:40:17.349 Command    udi_interface.interface DEBUG    interface:_handleInput: PROCESS shortPoll message {} from Polyglot
2026-08-28 09:41:17.355 MQTT       udi_interface.interface DEBUG    interface:_message: QUEUING incoming message shortPoll
2026-08-28 09:41:17.355 Command    udi_interface.interface DEBUG    interface:_parseInput: DEQUEING shortPoll
2026-08-28 09:41:17.355 Command    udi_interface.interface DEBUG    interface:_handleInput: PROCESS shortPoll message {} from Polyglot
2026-08-28 09:42:17.359 MQTT       udi_interface.interface DEBUG    interface:_message: QUEUING incoming message shortPoll
2026-08-28 09:42:17.359 Command    udi_interface.interface DEBUG    interface:_parseInput: DEQUEING shortPoll
2026-08-28 09:42:17.359 Command    udi_interface.interface DEBUG    interface:_handleInput: PROCESS shortPoll message {} from Polyglot
2026-08-28 09:43:17.368 MQTT       udi_interface.interface DEBUG    interface:_message: QUEUING incoming message shortPoll
2026-08-28 09:43:17.368 Command    udi_interface.interface DEBUG    interface:_parseInput: DEQUEING shortPoll
2026-08-28 09:43:17.368 Command    udi_interface.interface DEBUG    interface:_handleInput: PROCESS shortPoll message {} from Polyglot
2026-08-28 09:44:17.378 MQTT       udi_interface.interface DEBUG    interface:_message: QUEUING incoming message shortPoll
2026-08-28 09:44:17.378 Command    udi_interface.interface DEBUG    interface:_parseInput: DEQUEING shortPoll
2026-08-28 09:44:17.379 Command    udi_interface.interface DEBUG    interface:_handleInput: PROCESS shortPoll message {} from Polyglot
2026-08-28 09:45:06.166 MQTT       udi_interface.interface DEBUG    interface:_message: QUEUING incoming message longPoll
2026-08-28 09:45:06.166 Command    udi_interface.interface DEBUG    interface:_parseInput: DEQUEING longPoll
2026-08-28 09:45:06.166 Command    udi_interface.interface DEBUG    interface:_handleInput: PROCESS longPoll message {} from Polyglot
2026-08-28 09:45:17.382 MQTT       udi_interface.interface DEBUG    interface:_message: QUEUING incoming message shortPoll
2026-08-28 09:45:17.382 Command    udi_interface.interface DEBUG    interface:_parseInput: DEQUEING shortPoll
2026-08-28 09:45:17.382 Command    udi_interface.interface DEBUG    interface:_handleInput: PROCESS shortPoll message {} from Polyglot
2026-08-28 09:46:17.384 MQTT       udi_interface.interface DEBUG    interface:_message: QUEUING incoming message shortPoll
2026-08-28 09:46:17.384 Command    udi_interface.interface DEBUG    interface:_parseInput: DEQUEING shortPoll
2026-08-28 09:46:17.384 Command    udi_interface.interface DEBUG    interface:_handleInput: PROCESS shortPoll message {} from Polyglot
2026-08-28 09:47:17.395 MQTT       udi_interface.interface DEBUG    interface:_message: QUEUING incoming message shortPoll
2026-08-28 09:47:17.396 Command    udi_interface.interface DEBUG    interface:_parseInput: DEQUEING shortPoll
2026-08-28 09:47:17.396 Command    udi_interface.interface DEBUG    interface:_handleInput: PROCESS shortPoll message {} from Polyglot
2026-08-28 09:48:17.402 MQTT       udi_interface.interface DEBUG    interface:_message: QUEUING incoming message shortPoll
2026-08-28 09:48:17.402 Command    udi_interface.interface DEBUG    interface:_parseInput: DEQUEING shortPoll
2026-08-28 09:48:17.402 Command    udi_interface.interface DEBUG    interface:_handleInput: PROCESS shortPoll message {} from Polyglot
2026-08-28 09:49:17.407 MQTT       udi_interface.interface DEBUG    interface:_message: QUEUING incoming message shortPoll
2026-08-28 09:49:17.407 Command    udi_interface.interface DEBUG    interface:_parseInput: DEQUEING shortPoll
2026-08-28 09:49:17.407 Command    udi_interface.interface DEBUG    interface:_handleInput: PROCESS shortPoll message {} from Polyglot
2026-08-28 09:50:06.172 MQTT       udi_interface.interface DEBUG    interface:_message: QUEUING incoming message longPoll
2026-08-28 09:50:06.173 Command    udi_interface.interface DEBUG    interface:_parseInput: DEQUEING longPoll
2026-08-28 09:50:06.173 Command    udi_interface.interface DEBUG    interface:_handleInput: PROCESS longPoll message {} from Polyglot
2026-08-28 09:50:17.411 MQTT       udi_interface.interface DEBUG    interface:_message: QUEUING incoming message shortPoll
2026-08-28 09:50:17.411 Command    udi_interface.interface DEBUG    interface:_parseInput: DEQUEING shortPoll
2026-08-28 09:50:17.411 Command    udi_interface.interface DEBUG    interface:_handleInput: PROCESS shortPoll message {} from Polyglot
2026-08-28 09:51:17.417 MQTT       udi_interface.interface DEBUG    interface:_message: QUEUING incoming message shortPoll
2026-08-28 09:51:17.417 Command    udi_interface.interface DEBUG    interface:_parseInput: DEQUEING shortPoll
2026-08-28 09:51:17.417 Command    udi_interface.interface DEBUG    interface:_handleInput: PROCESS shortPoll message {} from Polyglot
2026-08-28 09:52:17.427 MQTT       udi_interface.interface DEBUG    interface:_message: QUEUING incoming message shortPoll
2026-08-28 09:52:17.427 Command    udi_interface.interface DEBUG    interface:_parseInput: DEQUEING shortPoll
2026-08-28 09:52:17.427 Command    udi_interface.interface DEBUG    interface:_handleInput: PROCESS shortPoll message {} from Polyglot
2026-08-28 09:53:17.429 MQTT       udi_interface.interface DEBUG    interface:_message: QUEUING incoming message shortPoll
2026-08-28 09:53:17.429 Command    udi_interface.interface DEBUG    interface:_parseInput: DEQUEING shortPoll
2026-08-28 09:53:17.429 Command    udi_interface.interface DEBUG    interface:_handleInput: PROCESS shortPoll message {} from Polyglot
2026-08-28 09:54:17.430 MQTT       udi_interface.interface DEBUG    interface:_message: QUEUING incoming message shortPoll
2026-08-28 09:54:17.431 Command    udi_interface.interface DEBUG    interface:_parseInput: DEQUEING shortPoll
2026-08-28 09:54:17.431 Command    udi_interface.interface DEBUG    interface:_handleInput: PROCESS shortPoll message {} from Polyglot
2026-08-28 09:55:06.179 MQTT       udi_interface.interface DEBUG    interface:_message: QUEUING incoming message longPoll
2026-08-28 09:55:06.179 Command    udi_interface.interface DEBUG    interface:_parseInput: DEQUEING longPoll
2026-08-28 09:55:06.179 Command    udi_interface.interface DEBUG    interface:_handleInput: PROCESS longPoll message {} from Polyglot
2026-08-28 09:55:17.432 MQTT       udi_interface.interface DEBUG    interface:_message: QUEUING incoming message shortPoll
2026-08-28 09:55:17.432 Command    udi_interface.interface DEBUG    interface:_parseInput: DEQUEING shortPoll
2026-08-28 09:55:17.432 Command    udi_interface.interface DEBUG    interface:_handleInput: PROCESS shortPoll message {} from Polyglot
2026-08-28 09:56:17.435 MQTT       udi_interface.interface DEBUG    interface:_message: QUEUING incoming message shortPoll
2026-08-28 09:56:17.436 Command    udi_interface.interface DEBUG    interface:_parseInput: DEQUEING shortPoll
2026-08-28 09:56:17.436 Command    udi_interface.interface DEBUG    interface:_handleInput: PROCESS shortPoll message {} from Polyglot
2026-08-28 09:57:17.440 MQTT       udi_interface.interface DEBUG    interface:_message: QUEUING incoming message shortPoll
2026-08-28 09:57:17.440 Command    udi_interface.interface DEBUG    interface:_parseInput: DEQUEING shortPoll
2026-08-28 09:57:17.440 Command    udi_interface.interface DEBUG    interface:_handleInput: PROCESS shortPoll message {} from Polyglot
2026-08-28 09:58:17.442 MQTT       udi_interface.interface DEBUG    interface:_message: QUEUING incoming message shortPoll
2026-08-28 09:58:17.442 Command    udi_interface.interface DEBUG    interface:_parseInput: DEQUEING shortPoll
2026-08-28 09:58:17.442 Command    udi_interface.interface DEBUG    interface:_handleInput: PROCESS shortPoll message {} from Polyglot
2026-08-28 09:59:17.445 MQTT       udi_interface.interface DEBUG    interface:_message: QUEUING incoming message shortPoll
2026-08-28 09:59:17.448 Command    udi_interface.interface DEBUG    interface:_parseInput: DEQUEING shortPoll
2026-08-28 09:59:17.449 Command    udi_interface.interface DEBUG    interface:_handleInput: PROCESS shortPoll message {} from Polyglot
2026-08-28 10:00:06.182 MQTT       udi_interface.interface DEBUG    interface:_message: QUEUING incoming message longPoll
2026-08-28 10:00:06.183 Command    udi_interface.interface DEBUG    interface:_parseInput: DEQUEING longPoll
2026-08-28 10:00:06.183 Command    udi_interface.interface DEBUG    interface:_handleInput: PROCESS longPoll message {} from Polyglot
2026-08-28 10:00:17.450 MQTT       udi_interface.interface DEBUG    interface:_message: QUEUING incoming message shortPoll
2026-08-28 10:00:17.451 Command    udi_interface.interface DEBUG    interface:_parseInput: DEQUEING shortPoll
2026-08-28 10:00:17.451 Command    udi_interface.interface DEBUG    interface:_handleInput: PROCESS shortPoll message {} from Polyglot
2026-08-28 10:01:17.452 MQTT       udi_interface.interface DEBUG    interface:_message: QUEUING incoming message shortPoll
2026-08-28 10:01:17.452 Command    udi_interface.interface DEBUG    interface:_parseInput: DEQUEING shortPoll
2026-08-28 10:01:17.452 Command    udi_interface.interface DEBUG    interface:_handleInput: PROCESS shortPoll message {} from Polyglot
2026-08-28 10:02:17.453 MQTT       udi_interface.interface DEBUG    interface:_message: QUEUING incoming message shortPoll
2026-08-28 10:02:17.453 Command    udi_interface.interface DEBUG    interface:_parseInput: DEQUEING shortPoll
2026-08-28 10:02:17.453 Command    udi_interface.interface DEBUG    interface:_handleInput: PROCESS shortPoll message {} from Polyglot
2026-08-28 10:03:17.462 MQTT       udi_interface.interface DEBUG    interface:_message: QUEUING incoming message shortPoll
2026-08-28 10:03:17.463 Command    udi_interface.interface DEBUG    interface:_parseInput: DEQUEING shortPoll
2026-08-28 10:03:17.463 Command    udi_interface.interface DEBUG    interface:_handleInput: PROCESS shortPoll message {} from Polyglot
2026-08-28 10:04:17.467 MQTT       udi_interface.interface DEBUG    interface:_message: QUEUING incoming message shortPoll
2026-08-28 10:04:17.467 Command    udi_interface.interface DEBUG    interface:_parseInput: DEQUEING shortPoll
2026-08-28 10:04:17.467 Command    udi_interface.interface DEBUG    interface:_handleInput: PROCESS shortPoll message {} from Polyglot
2026-08-28 10:05:06.184 MQTT       udi_interface.interface DEBUG    interface:_message: QUEUING incoming message longPoll
2026-08-28 10:05:06.184 Command    udi_interface.interface DEBUG    interface:_parseInput: DEQUEING longPoll
2026-08-28 10:05:06.184 Command    udi_interface.interface DEBUG    interface:_handleInput: PROCESS longPoll message {} from Polyglot
2026-08-28 10:05:17.474 MQTT       udi_interface.interface DEBUG    interface:_message: QUEUING incoming message shortPoll
2026-08-28 10:05:17.474 Command    udi_interface.interface DEBUG    interface:_parseInput: DEQUEING shortPoll
2026-08-28 10:05:17.474 Command    udi_interface.interface DEBUG    interface:_handleInput: PROCESS shortPoll message {} from Polyglot
2026-08-28 10:06:17.480 MQTT       udi_interface.interface DEBUG    interface:_message: QUEUING incoming message shortPoll
2026-08-28 10:06:17.481 Command    udi_interface.interface DEBUG    interface:_parseInput: DEQUEING shortPoll
2026-08-28 10:06:17.481 Command    udi_interface.interface DEBUG    interface:_handleInput: PROCESS shortPoll message {} from Polyglot
2026-08-28 10:07:17.481 MQTT       udi_interface.interface DEBUG    interface:_message: QUEUING incoming message shortPoll
2026-08-28 10:07:17.481 Command    udi_interface.interface DEBUG    interface:_parseInput: DEQUEING shortPoll
2026-08-28 10:07:17.482 Command    udi_interface.interface DEBUG    interface:_handleInput: PROCESS shortPoll message {} from Polyglot
2026-08-28 10:08:17.482 MQTT       udi_interface.interface DEBUG    interface:_message: QUEUING incoming message shortPoll
2026-08-28 10:08:17.482 Command    udi_interface.interface DEBUG    interface:_parseInput: DEQUEING shortPoll
2026-08-28 10:08:17.482 Command    udi_interface.interface DEBUG    interface:_handleInput: PROCESS shortPoll message {} from Polyglot
2026-08-28 10:09:17.493 MQTT       udi_interface.interface DEBUG    interface:_message: QUEUING incoming message shortPoll
2026-08-28 10:09:17.493 Command    udi_interface.interface DEBUG    interface:_parseInput: DEQUEING shortPoll
2026-08-28 10:09:17.493 Command    udi_interface.interface DEBUG    interface:_handleInput: PROCESS shortPoll message {} from Polyglot
2026-08-28 10:10:06.188 MQTT       udi_interface.interface DEBUG    interface:_message: QUEUING incoming message longPoll
2026-08-28 10:10:06.188 Command    udi_interface.interface DEBUG    interface:_parseInput: DEQUEING longPoll
2026-08-28 10:10:06.188 Command    udi_interface.interface DEBUG    interface:_handleInput: PROCESS longPoll message {} from Polyglot
2026-08-28 10:10:17.498 MQTT       udi_interface.interface DEBUG    interface:_message: QUEUING incoming message shortPoll
2026-08-28 10:10:17.499 Command    udi_interface.interface DEBUG    interface:_parseInput: DEQUEING shortPoll
2026-08-28 10:10:17.499 Command    udi_interface.interface DEBUG    interface:_handleInput: PROCESS shortPoll message {} from Polyglot
2026-08-28 10:11:17.500 MQTT       udi_interface.interface DEBUG    interface:_message: QUEUING incoming message shortPoll
2026-08-28 10:11:17.500 Command    udi_interface.interface DEBUG    interface:_parseInput: DEQUEING shortPoll
2026-08-28 10:11:17.500 Command    udi_interface.interface DEBUG    interface:_handleInput: PROCESS shortPoll message {} from Polyglot
2026-08-28 10:12:17.501 MQTT       udi_interface.interface DEBUG    interface:_message: QUEUING incoming message shortPoll
2026-08-28 10:12:17.501 Command    udi_interface.interface DEBUG    interface:_parseInput: DEQUEING shortPoll
2026-08-28 10:12:17.501 Command    udi_interface.interface DEBUG    interface:_handleInput: PROCESS shortPoll message {} from Polyglot
2026-08-28 10:13:17.504 MQTT       udi_interface.interface DEBUG    interface:_message: QUEUING incoming message shortPoll
2026-08-28 10:13:17.504 Command    udi_interface.interface DEBUG    interface:_parseInput: DEQUEING shortPoll
2026-08-28 10:13:17.504 Command    udi_interface.interface DEBUG    interface:_handleInput: PROCESS shortPoll message {} from Polyglot
2026-08-28 10:14:17.506 MQTT       udi_interface.interface DEBUG    interface:_message: QUEUING incoming message shortPoll
2026-08-28 10:14:17.506 Command    udi_interface.interface DEBUG    interface:_parseInput: DEQUEING shortPoll
2026-08-28 10:14:17.506 Command    udi_interface.interface DEBUG    interface:_handleInput: PROCESS shortPoll message {} from Polyglot
2026-08-28 10:15:06.190 MQTT       udi_interface.interface DEBUG    interface:_message: QUEUING incoming message longPoll
2026-08-28 10:15:06.190 Command    udi_interface.interface DEBUG    interface:_parseInput: DEQUEING longPoll
2026-08-28 10:15:06.190 Command    udi_interface.interface DEBUG    interface:_handleInput: PROCESS longPoll message {} from Polyglot
2026-08-28 10:15:17.506 MQTT       udi_interface.interface DEBUG    interface:_message: QUEUING incoming message shortPoll
2026-08-28 10:15:17.507 Command    udi_interface.interface DEBUG    interface:_parseInput: DEQUEING shortPoll
2026-08-28 10:15:17.507 Command    udi_interface.interface DEBUG    interface:_handleInput: PROCESS shortPoll message {} from Polyglot
2026-08-28 10:16:17.508 MQTT       udi_interface.interface DEBUG    interface:_message: QUEUING incoming message shortPoll
2026-08-28 10:16:17.509 Command    udi_interface.interface DEBUG    interface:_parseInput: DEQUEING shortPoll
2026-08-28 10:16:17.509 Command    udi_interface.interface DEBUG    interface:_handleInput: PROCESS shortPoll message {} from Polyglot
2026-08-28 10:17:17.517 MQTT       udi_interface.interface DEBUG    interface:_message: QUEUING incoming message shortPoll
2026-08-28 10:17:17.517 Command    udi_interface.interface DEBUG    interface:_parseInput: DEQUEING shortPoll
2026-08-28 10:17:17.517 Command    udi_interface.interface DEBUG    interface:_handleInput: PROCESS shortPoll message {} from Polyglot
2026-08-28 10:18:17.518 MQTT       udi_interface.interface DEBUG    interface:_message: QUEUING incoming message shortPoll
2026-08-28 10:18:17.518 Command    udi_interface.interface DEBUG    interface:_parseInput: DEQUEING shortPoll
2026-08-28 10:18:17.518 Command    udi_interface.interface DEBUG    interface:_handleInput: PROCESS shortPoll message {} from Polyglot
2026-08-28 10:19:17.523 MQTT       udi_interface.interface DEBUG    interface:_message: QUEUING incoming message shortPoll
2026-08-28 10:19:17.523 Command    udi_interface.interface DEBUG    interface:_parseInput: DEQUEING shortPoll
2026-08-28 10:19:17.523 Command    udi_interface.interface DEBUG    interface:_handleInput: PROCESS shortPoll message {} from Polyglot
2026-08-28 10:20:06.194 MQTT       udi_interface.interface DEBUG    interface:_message: QUEUING incoming message longPoll
2026-08-28 10:20:06.194 Command    udi_interface.interface DEBUG    interface:_parseInput: DEQUEING longPoll
2026-08-28 10:20:06.194 Command    udi_interface.interface DEBUG    interface:_handleInput: PROCESS longPoll message {} from Polyglot
2026-08-28 10:20:17.529 MQTT       udi_interface.interface DEBUG    interface:_message: QUEUING incoming message shortPoll
2026-08-28 10:20:17.529 Command    udi_interface.interface DEBUG    interface:_parseInput: DEQUEING shortPoll
2026-08-28 10:20:17.529 Command    udi_interface.interface DEBUG    interface:_handleInput: PROCESS shortPoll message {} from Polyglot
2026-08-28 10:21:17.535 MQTT       udi_interface.interface DEBUG    interface:_message: QUEUING incoming message shortPoll
2026-08-28 10:21:17.535 Command    udi_interface.interface DEBUG    interface:_parseInput: DEQUEING shortPoll
2026-08-28 10:21:17.535 Command    udi_interface.interface DEBUG    interface:_handleInput: PROCESS shortPoll message {} from Polyglot
2026-08-28 10:22:17.538 MQTT       udi_interface.interface DEBUG    interface:_message: QUEUING incoming message shortPoll
2026-08-28 10:22:17.538 Command    udi_interface.interface DEBUG    interface:_parseInput: DEQUEING shortPoll
2026-08-28 10:22:17.539 Command    udi_interface.interface DEBUG    interface:_handleInput: PROCESS shortPoll message {} from Polyglot
2026-08-28 10:23:17.540 MQTT       udi_interface.interface DEBUG    interface:_message: QUEUING incoming message shortPoll
2026-08-28 10:23:17.540 Command    udi_interface.interface DEBUG    interface:_parseInput: DEQUEING shortPoll
2026-08-28 10:23:17.540 Command    udi_interface.interface DEBUG    interface:_handleInput: PROCESS shortPoll message {} from Polyglot
2026-08-28 10:24:17.546 MQTT       udi_interface.interface DEBUG    interface:_message: QUEUING incoming message shortPoll
2026-08-28 10:24:17.546 Command    udi_interface.interface DEBUG    interface:_parseInput: DEQUEING shortPoll
2026-08-28 10:24:17.546 Command    udi_interface.interface DEBUG    interface:_handleInput: PROCESS shortPoll message {} from Polyglot
2026-08-28 10:25:06.196 MQTT       udi_interface.interface DEBUG    interface:_message: QUEUING incoming message longPoll
2026-08-28 10:25:06.196 Command    udi_interface.interface DEBUG    interface:_parseInput: DEQUEING longPoll
2026-08-28 10:25:06.196 Command    udi_interface.interface DEBUG    interface:_handleInput: PROCESS longPoll message {} from Polyglot
2026-08-28 10:25:17.555 MQTT       udi_interface.interface DEBUG    interface:_message: QUEUING incoming message shortPoll
2026-08-28 10:25:17.555 Command    udi_interface.interface DEBUG    interface:_parseInput: DEQUEING shortPoll
2026-08-28 10:25:17.555 Command    udi_interface.interface DEBUG    interface:_handleInput: PROCESS shortPoll message {} from Polyglot
2026-08-28 10:26:17.564 MQTT       udi_interface.interface DEBUG    interface:_message: QUEUING incoming message shortPoll
2026-08-28 10:26:17.564 Command    udi_interface.interface DEBUG    interface:_parseInput: DEQUEING shortPoll
2026-08-28 10:26:17.565 Command    udi_interface.interface DEBUG    interface:_handleInput: PROCESS shortPoll message {} from Polyglot
2026-08-28 10:27:17.571 MQTT       udi_interface.interface DEBUG    interface:_message: QUEUING incoming message shortPoll
2026-08-28 10:27:17.572 Command    udi_interface.interface DEBUG    interface:_parseInput: DEQUEING shortPoll
2026-08-28 10:27:17.572 Command    udi_interface.interface DEBUG    interface:_handleInput: PROCESS shortPoll message {} from Polyglot
2026-08-28 10:28:17.577 MQTT       udi_interface.interface DEBUG    interface:_message: QUEUING incoming message shortPoll
2026-08-28 10:28:17.577 Command    udi_interface.interface DEBUG    interface:_parseInput: DEQUEING shortPoll
2026-08-28 10:28:17.577 Command    udi_interface.interface DEBUG    interface:_handleInput: PROCESS shortPoll message {} from Polyglot
2026-08-28 10:29:17.582 MQTT       udi_interface.interface DEBUG    interface:_message: QUEUING incoming message shortPoll
2026-08-28 10:29:17.583 Command    udi_interface.interface DEBUG    interface:_parseInput: DEQUEING shortPoll
2026-08-28 10:29:17.583 Command    udi_interface.interface DEBUG    interface:_handleInput: PROCESS shortPoll message {} from Polyglot
2026-08-28 10:30:06.197 MQTT       udi_interface.interface DEBUG    interface:_message: QUEUING incoming message longPoll
2026-08-28 10:30:06.197 Command    udi_interface.interface DEBUG    interface:_parseInput: DEQUEING longPoll
2026-08-28 10:30:06.197 Command    udi_interface.interface DEBUG    interface:_handleInput: PROCESS longPoll message {} from Polyglot
2026-08-28 10:30:17.584 MQTT       udi_interface.interface DEBUG    interface:_message: QUEUING incoming message shortPoll
2026-08-28 10:30:17.584 Command    udi_interface.interface DEBUG    interface:_parseInput: DEQUEING shortPoll
2026-08-28 10:30:17.584 Command    udi_interface.interface DEBUG    interface:_handleInput: PROCESS shortPoll message {} from Polyglot
2026-08-28 10:31:17.587 MQTT       udi_interface.interface DEBUG    interface:_message: QUEUING incoming message shortPoll
2026-08-28 10:31:17.588 Command    udi_interface.interface DEBUG    interface:_parseInput: DEQUEING shortPoll
2026-08-28 10:31:17.588 Command    udi_interface.interface DEBUG    interface:_handleInput: PROCESS shortPoll message {} from Polyglot
2026-08-28 10:32:17.589 MQTT       udi_interface.interface DEBUG    interface:_message: QUEUING incoming message shortPoll
2026-08-28 10:32:17.589 Command    udi_interface.interface DEBUG    interface:_parseInput: DEQUEING shortPoll
2026-08-28 10:32:17.589 Command    udi_interface.interface DEBUG    interface:_handleInput: PROCESS shortPoll message {} from Polyglot
2026-08-28 10:33:17.597 MQTT       udi_interface.interface DEBUG    interface:_message: QUEUING incoming message shortPoll
2026-08-28 10:33:17.597 Command    udi_interface.interface DEBUG    interface:_parseInput: DEQUEING shortPoll
2026-08-28 10:33:17.597 Command    udi_interface.interface DEBUG    interface:_handleInput: PROCESS shortPoll message {} from Polyglot
2026-08-28 10:34:17.598 MQTT       udi_interface.interface DEBUG    interface:_message: QUEUING incoming message shortPoll
2026-08-28 10:34:17.598 Command    udi_interface.interface DEBUG    interface:_parseInput: DEQUEING shortPoll
2026-08-28 10:34:17.598 Command    udi_interface.interface DEBUG    interface:_handleInput: PROCESS shortPoll message {} from Polyglot
2026-08-28 10:35:06.207 MQTT       udi_interface.interface DEBUG    interface:_message: QUEUING incoming message longPoll
2026-08-28 10:35:06.208 Command    udi_interface.interface DEBUG    interface:_parseInput: DEQUEING longPoll
2026-08-28 10:35:06.208 Command    udi_interface.interface DEBUG    interface:_handleInput: PROCESS longPoll message {} from Polyglot
2026-08-28 10:35:17.599 MQTT       udi_interface.interface DEBUG    interface:_message: QUEUING incoming message shortPoll
2026-08-28 10:35:17.600 Command    udi_interface.interface DEBUG    interface:_parseInput: DEQUEING shortPoll
2026-08-28 10:35:17.600 Command    udi_interface.interface DEBUG    interface:_handleInput: PROCESS shortPoll message {} from Polyglot
2026-08-28 10:36:17.609 MQTT       udi_interface.interface DEBUG    interface:_message: QUEUING incoming message shortPoll
2026-08-28 10:36:17.609 Command    udi_interface.interface DEBUG    interface:_parseInput: DEQUEING shortPoll
2026-08-28 10:36:17.609 Command    udi_interface.interface DEBUG    interface:_handleInput: PROCESS shortPoll message {} from Polyglot
2026-08-28 10:37:17.619 MQTT       udi_interface.interface DEBUG    interface:_message: QUEUING incoming message shortPoll
2026-08-28 10:37:17.619 Command    udi_interface.interface DEBUG    interface:_parseInput: DEQUEING shortPoll
2026-08-28 10:37:17.619 Command    udi_interface.interface DEBUG    interface:_handleInput: PROCESS shortPoll message {} from Polyglot
2026-08-28 10:38:17.627 MQTT       udi_interface.interface DEBUG    interface:_message: QUEUING incoming message shortPoll
2026-08-28 10:38:17.628 Command    udi_interface.interface DEBUG    interface:_parseInput: DEQUEING shortPoll
2026-08-28 10:38:17.628 Command    udi_interface.interface DEBUG    interface:_handleInput: PROCESS shortPoll message {} from Polyglot
2026-08-28 10:39:17.633 MQTT       udi_interface.interface DEBUG    interface:_message: QUEUING incoming message shortPoll
2026-08-28 10:39:17.633 Command    udi_interface.interface DEBUG    interface:_parseInput: DEQUEING shortPoll
2026-08-28 10:39:17.633 Command    udi_interface.interface DEBUG    interface:_handleInput: PROCESS shortPoll message {} from Polyglot
2026-08-28 10:40:06.208 MQTT       udi_interface.interface DEBUG    interface:_message: QUEUING incoming message longPoll
2026-08-28 10:40:06.208 Command    udi_interface.interface DEBUG    interface:_parseInput: DEQUEING longPoll
2026-08-28 10:40:06.208 Command    udi_interface.interface DEBUG    interface:_handleInput: PROCESS longPoll message {} from Polyglot
2026-08-28 10:40:17.639 MQTT       udi_interface.interface DEBUG    interface:_message: QUEUING incoming message shortPoll
2026-08-28 10:40:17.639 Command    udi_interface.interface DEBUG    interface:_parseInput: DEQUEING shortPoll
2026-08-28 10:40:17.639 Command    udi_interface.interface DEBUG    interface:_handleInput: PROCESS shortPoll message {} from Polyglot
2026-08-28 10:41:17.641 MQTT       udi_interface.interface DEBUG    interface:_message: QUEUING incoming message shortPoll
2026-08-28 10:41:17.641 Command    udi_interface.interface DEBUG    interface:_parseInput: DEQUEING shortPoll
2026-08-28 10:41:17.641 Command    udi_interface.interface DEBUG    interface:_handleInput: PROCESS shortPoll message {} from Polyglot
2026-08-28 10:42:17.648 MQTT       udi_interface.interface DEBUG    interface:_message: QUEUING incoming message shortPoll
2026-08-28 10:42:17.648 Command    udi_interface.interface DEBUG    interface:_parseInput: DEQUEING shortPoll
2026-08-28 10:42:17.648 Command    udi_interface.interface DEBUG    interface:_handleInput: PROCESS shortPoll message {} from Polyglot
2026-08-28 10:43:17.652 MQTT       udi_interface.interface DEBUG    interface:_message: QUEUING incoming message shortPoll
2026-08-28 10:43:17.652 Command    udi_interface.interface DEBUG    interface:_parseInput: DEQUEING shortPoll
2026-08-28 10:43:17.652 Command    udi_interface.interface DEBUG    interface:_handleInput: PROCESS shortPoll message {} from Polyglot
2026-08-28 10:44:17.661 MQTT       udi_interface.interface DEBUG    interface:_message: QUEUING incoming message shortPoll
2026-08-28 10:44:17.661 Command    udi_interface.interface DEBUG    interface:_parseInput: DEQUEING shortPoll
2026-08-28 10:44:17.661 Command    udi_interface.interface DEBUG    interface:_handleInput: PROCESS shortPoll message {} from Polyglot
2026-08-28 10:45:06.214 MQTT       udi_interface.interface DEBUG    interface:_message: QUEUING incoming message longPoll
2026-08-28 10:45:06.214 Command    udi_interface.interface DEBUG    interface:_parseInput: DEQUEING longPoll
2026-08-28 10:45:06.214 Command    udi_interface.interface DEBUG    interface:_handleInput: PROCESS longPoll message {} from Polyglot
2026-08-28 10:45:17.662 MQTT       udi_interface.interface DEBUG    interface:_message: QUEUING incoming message shortPoll
2026-08-28 10:45:17.663 Command    udi_interface.interface DEBUG    interface:_parseInput: DEQUEING shortPoll
2026-08-28 10:45:17.663 Command    udi_interface.interface DEBUG    interface:_handleInput: PROCESS shortPoll message {} from Polyglot
2026-08-28 10:46:17.663 MQTT       udi_interface.interface DEBUG    interface:_message: QUEUING incoming message shortPoll
2026-08-28 10:46:17.663 Command    udi_interface.interface DEBUG    interface:_parseInput: DEQUEING shortPoll
2026-08-28 10:46:17.663 Command    udi_interface.interface DEBUG    interface:_handleInput: PROCESS shortPoll message {} from Polyglot
2026-08-28 10:47:17.666 MQTT       udi_interface.interface DEBUG    interface:_message: QUEUING incoming message shortPoll
2026-08-28 10:47:17.666 Command    udi_interface.interface DEBUG    interface:_parseInput: DEQUEING shortPoll
2026-08-28 10:47:17.666 Command    udi_interface.interface DEBUG    interface:_handleInput: PROCESS shortPoll message {} from Polyglot
2026-08-28 10:48:17.673 MQTT       udi_interface.interface DEBUG    interface:_message: QUEUING incoming message shortPoll
2026-08-28 10:48:17.674 Command    udi_interface.interface DEBUG    interface:_parseInput: DEQUEING shortPoll
2026-08-28 10:48:17.674 Command    udi_interface.interface DEBUG    interface:_handleInput: PROCESS shortPoll message {} from Polyglot
2026-08-28 10:49:17.674 MQTT       udi_interface.interface DEBUG    interface:_message: QUEUING incoming message shortPoll
2026-08-28 10:49:17.674 Command    udi_interface.interface DEBUG    interface:_parseInput: DEQUEING shortPoll
2026-08-28 10:49:17.674 Command    udi_interface.interface DEBUG    interface:_handleInput: PROCESS shortPoll message {} from Polyglot
2026-08-28 10:50:06.215 MQTT       udi_interface.interface DEBUG    interface:_message: QUEUING incoming message longPoll
2026-08-28 10:50:06.215 Command    udi_interface.interface DEBUG    interface:_parseInput: DEQUEING longPoll
2026-08-28 10:50:06.215 Command    udi_interface.interface DEBUG    interface:_handleInput: PROCESS longPoll message {} from Polyglot
2026-08-28 10:50:17.679 MQTT       udi_interface.interface DEBUG    interface:_message: QUEUING incoming message shortPoll
2026-08-28 10:50:17.679 Command    udi_interface.interface DEBUG    interface:_parseInput: DEQUEING shortPoll
2026-08-28 10:50:17.679 Command    udi_interface.interface DEBUG    interface:_handleInput: PROCESS shortPoll message {} from Polyglot
2026-08-28 10:51:17.680 MQTT       udi_interface.interface DEBUG    interface:_message: QUEUING incoming message shortPoll
2026-08-28 10:51:17.681 Command    udi_interface.interface DEBUG    interface:_parseInput: DEQUEING shortPoll
2026-08-28 10:51:17.681 Command    udi_interface.interface DEBUG    interface:_handleInput: PROCESS shortPoll message {} from Polyglot
2026-08-28 10:52:17.684 MQTT       udi_interface.interface DEBUG    interface:_message: QUEUING incoming message shortPoll
2026-08-28 10:52:17.684 Command    udi_interface.interface DEBUG    interface:_parseInput: DEQUEING shortPoll
2026-08-28 10:52:17.684 Command    udi_interface.interface DEBUG    interface:_handleInput: PROCESS shortPoll message {} from Polyglot
2026-08-28 10:53:17.686 MQTT       udi_interface.interface DEBUG    interface:_message: QUEUING incoming message shortPoll
2026-08-28 10:53:17.686 Command    udi_interface.interface DEBUG    interface:_parseInput: DEQUEING shortPoll
2026-08-28 10:53:17.686 Command    udi_interface.interface DEBUG    interface:_handleInput: PROCESS shortPoll message {} from Polyglot
2026-08-28 10:54:17.687 MQTT       udi_interface.interface DEBUG    interface:_message: QUEUING incoming message shortPoll
2026-08-28 10:54:17.687 Command    udi_interface.interface DEBUG    interface:_parseInput: DEQUEING shortPoll
2026-08-28 10:54:17.687 Command    udi_interface.interface DEBUG    interface:_handleInput: PROCESS shortPoll message {} from Polyglot
2026-08-28 10:55:06.223 MQTT       udi_interface.interface DEBUG    interface:_message: QUEUING incoming message longPoll
2026-08-28 10:55:06.224 Command    udi_interface.interface DEBUG    interface:_parseInput: DEQUEING longPoll
2026-08-28 10:55:06.224 Command    udi_interface.interface DEBUG    interface:_handleInput: PROCESS longPoll message {} from Polyglot
2026-08-28 10:55:17.693 MQTT       udi_interface.interface DEBUG    interface:_message: QUEUING incoming message shortPoll
2026-08-28 10:55:17.694 Command    udi_interface.interface DEBUG    interface:_parseInput: DEQUEING shortPoll
2026-08-28 10:55:17.694 Command    udi_interface.interface DEBUG    interface:_handleInput: PROCESS shortPoll message {} from Polyglot
2026-08-28 10:56:17.695 MQTT       udi_interface.interface DEBUG    interface:_message: QUEUING incoming message shortPoll
2026-08-28 10:56:17.696 Command    udi_interface.interface DEBUG    interface:_parseInput: DEQUEING shortPoll
2026-08-28 10:56:17.696 Command    udi_interface.interface DEBUG    interface:_handleInput: PROCESS shortPoll message {} from Polyglot
2026-08-28 10:57:17.699 MQTT       udi_interface.interface DEBUG    interface:_message: QUEUING incoming message shortPoll
2026-08-28 10:57:17.699 Command    udi_interface.interface DEBUG    interface:_parseInput: DEQUEING shortPoll
2026-08-28 10:57:17.699 Command    udi_interface.interface DEBUG    interface:_handleInput: PROCESS shortPoll message {} from Polyglot
2026-08-28 10:58:17.703 MQTT       udi_interface.interface DEBUG    interface:_message: QUEUING incoming message shortPoll
2026-08-28 10:58:17.704 Command    udi_interface.interface DEBUG    interface:_parseInput: DEQUEING shortPoll
2026-08-28 10:58:17.704 Command    udi_interface.interface DEBUG    interface:_handleInput: PROCESS shortPoll message {} from Polyglot
2026-08-28 10:59:17.712 MQTT       udi_interface.interface DEBUG    interface:_message: QUEUING incoming message shortPoll
2026-08-28 10:59:17.712 Command    udi_interface.interface DEBUG    interface:_parseInput: DEQUEING shortPoll
2026-08-28 10:59:17.712 Command    udi_interface.interface DEBUG    interface:_handleInput: PROCESS shortPoll message {} from Polyglot
2026-08-28 11:00:06.231 MQTT       udi_interface.interface DEBUG    interface:_message: QUEUING incoming message longPoll
2026-08-28 11:00:06.231 Command    udi_interface.interface DEBUG    interface:_parseInput: DEQUEING longPoll
2026-08-28 11:00:06.232 Command    udi_interface.interface DEBUG    interface:_handleInput: PROCESS longPoll message {} from Polyglot
